Fecha,Nacional,Aguascalientes,Baja California,Baja California Sur,Campeche,Chiapas,Chihuahua,Ciudad de México,Coahuila,Colima,Durango,Guanajuato,Guerrero,Hidalgo,Jalisco,Michoacán,Morelos,México,Nayarit,Nuevo León,Oaxaca,Puebla,Querétaro,Quintana Roo,San Luis Potosí,Sinaloa,Sonora,Tabasco,Tamaulipas,Tlaxcala,Veracruz,Yucatán,Zacatecas
2020-01-05,4,0,0,0,0,0,0,0,0,0,0,1,0,0,0,0,0,0,0,3,0,0,0,0,0,0,0,0,0,0,0,0,0
2020-01-06,11,0,0,0,0,0,0,0,0,0,0,1,0,0,0,0,0,0,0,10,0,0,0,0,0,0,0,0,0,0,0,0,0
2020-01-07,13,0,0,0,0,0,0,0,0,0,0,1,0,0,0,0,0,0,0,12,0,0,0,0,0,0,0,0,0,0,0,0,0
2020-01-08,17,0,0,0,0,0,0,0,0,0,0,1,0,0,0,0,0,1,0,15,0,0,0,0,0,0,0,0,0,0,0,0,0
2020-01-09,18,0,0,0,0,0,0,0,0,0,0,1,0,0,0,0,0,1,0,16,0,0,0,0,0,0,0,0,0,0,0,0,0
2020-01-10,20,0,0,0,0,0,0,0,0,0,0,3,0,0,0,0,0,1,0,16,0,0,0,0,0,0,0,0,0,0,0,0,0
2020-01-11,23,0,0,0,0,0,0,0,0,0,0,6,0,0,0,0,0,1,0,16,0,0,0,0,0,0,0,0,0,0,0,0,0
2020-01-12,27,0,0,0,0,0,0,0,0,0,0,6,0,0,0,0,0,1,0,20,0,0,0,0,0,0,0,0,0,0,0,0,0
2020-01-13,30,0,0,0,0,0,0,0,0,0,0,7,0,0,0,0,0,1,0,22,0,0,0,0,0,0,0,0,0,0,0,0,0
2020-01-14,38,0,0,0,0,0,0,0,0,0,0,8,0,0,0,0,0,2,0,28,0,0,0,0,0,0,0,0,0,0,0,0,0
2020-01-15,45,0,0,0,0,0,0,0,0,0,0,8,0,0,0,0,0,2,0,35,0,0,0,0,0,0,0,0,0,0,0,0,0
2020-01-16,56,0,0,0,0,0,0,0,0,0,0,9,0,0,0,0,0,2,0,45,0,0,0,0,0,0,0,0,0,0,0,0,0
2020-01-17,60,0,0,0,0,0,0,0,0,0,0,11,0,0,0,0,0,2,0,47,0,0,0,0,0,0,0,0,0,0,0,0,0
2020-01-18,63,0,0,0,0,0,0,0,0,0,0,14,0,0,0,0,0,2,0,47,0,0,0,0,0,0,0,0,0,0,0,0,0
2020-01-19,65,0,0,0,0,0,0,0,0,0,0,15,0,0,0,0,0,2,0,48,0,0,0,0,0,0,0,0,0,0,0,0,0
2020-01-20,68,0,0,0,0,0,0,0,0,0,0,17,0,0,0,0,0,2,0,49,0,0,0,0,0,0,0,0,0,0,0,0,0
2020-01-21,69,0,0,0,0,0,0,0,0,0,0,17,0,0,0,0,0,3,0,49,0,0,0,0,0,0,0,0,0,0,0,0,0
2020-01-22,75,0,0,0,0,0,0,0,0,0,0,18,0,0,0,0,0,3,0,54,0,0,0,0,0,0,0,0,0,0,0,0,0
2020-01-23,80,0,0,0,0,0,0,0,0,0,0,18,0,0,1,0,0,3,0,58,0,0,0,0,0,0,0,0,0,0,0,0,0
2020-01-24,81,0,0,0,0,0,0,0,0,0,0,19,0,0,1,0,0,3,0,58,0,0,0,0,0,0,0,0,0,0,0,0,0
2020-01-25,86,0,0,0,0,0,0,1,0,0,0,23,0,0,1,0,0,3,0,58,0,0,0,0,0,0,0,0,0,0,0,0,0
2020-01-26,86,0,0,0,0,0,0,1,0,0,0,23,0,0,1,0,0,3,0,58,0,0,0,0,0,0,0,0,0,0,0,0,0
2020-01-27,93,0,0,0,0,0,0,1,0,0,0,25,0,0,1,0,0,3,0,63,0,0,0,0,0,0,0,0,0,0,0,0,0
2020-01-28,95,0,0,0,0,0,0,1,0,0,0,27,0,0,1,0,0,3,0,63,0,0,0,0,0,0,0,0,0,0,0,0,0
2020-01-29,96,0,0,0,0,0,0,1,0,0,0,28,0,0,1,0,0,3,0,63,0,0,0,0,0,0,0,0,0,0,0,0,0
2020-01-30,100,0,0,0,0,0,0,1,0,0,0,29,0,0,1,0,0,3,0,66,0,0,0,0,0,0,0,0,0,0,0,0,0
2020-01-31,101,0,0,0,0,0,0,1,0,0,0,30,0,0,1,0,0,3,0,66,0,0,0,0,0,0,0,0,0,0,0,0,0
2020-02-01,104,0,0,0,0,0,0,1,0,0,0,33,0,0,1,0,0,3,0,66,0,0,0,0,0,0,0,0,0,0,0,0,0
2020-02-02,104,0,0,0,0,0,0,1,0,0,0,33,0,0,1,0,0,3,0,66,0,0,0,0,0,0,0,0,0,0,0,0,0
2020-02-03,111,0,0,0,0,0,0,1,0,0,0,40,0,0,1,0,0,3,0,66,0,0,0,0,0,0,0,0,0,0,0,0,0
2020-02-04,114,0,0,0,0,0,0,1,0,0,0,43,0,0,1,0,0,3,0,66,0,0,0,0,0,0,0,0,0,0,0,0,0
2020-02-05,116,0,0,0,0,0,0,1,0,0,0,45,0,0,1,0,0,3,0,66,0,0,0,0,0,0,0,0,0,0,0,0,0
2020-02-06,117,0,0,0,0,0,0,1,0,0,0,46,0,0,1,0,0,3,0,66,0,0,0,0,0,0,0,0,0,0,0,0,0
2020-02-07,120,0,0,0,0,0,0,1,0,0,0,47,0,0,1,0,0,3,0,68,0,0,0,0,0,0,0,0,0,0,0,0,0
2020-02-08,120,0,0,0,0,0,0,1,0,0,0,47,0,0,1,0,0,3,0,68,0,0,0,0,0,0,0,0,0,0,0,0,0
2020-02-09,125,0,0,0,0,0,0,1,0,0,0,52,0,0,1,0,0,3,0,68,0,0,0,0,0,0,0,0,0,0,0,0,0
2020-02-10,125,0,0,0,0,0,0,1,0,0,0,52,0,0,1,0,0,3,0,68,0,0,0,0,0,0,0,0,0,0,0,0,0
2020-02-11,130,0,0,0,0,0,0,1,0,0,0,55,0,0,1,0,0,3,1,69,0,0,0,0,0,0,0,0,0,0,0,0,0
2020-02-12,134,0,0,0,0,0,0,1,0,0,0,59,0,0,1,0,0,3,1,69,0,0,0,0,0,0,0,0,0,0,0,0,0
2020-02-13,138,0,0,0,0,0,0,1,0,0,0,63,0,0,1,0,0,3,1,69,0,0,0,0,0,0,0,0,0,0,0,0,0
2020-02-14,138,0,0,0,0,0,0,1,0,0,0,63,0,0,1,0,0,3,1,69,0,0,0,0,0,0,0,0,0,0,0,0,0
2020-02-15,148,0,0,0,0,0,0,1,0,0,0,73,0,0,1,0,0,3,1,69,0,0,0,0,0,0,0,0,0,0,0,0,0
2020-02-16,151,0,0,0,0,0,0,1,0,0,0,76,0,0,1,0,0,3,1,69,0,0,0,0,0,0,0,0,0,0,0,0,0
2020-02-17,155,0,0,0,0,0,0,1,0,0,0,80,0,0,1,0,0,3,1,69,0,0,0,0,0,0,0,0,0,0,0,0,0
2020-02-18,164,0,0,0,0,0,0,1,0,0,0,87,0,0,1,0,1,3,1,70,0,0,0,0,0,0,0,0,0,0,0,0,0
2020-02-19,177,0,0,0,0,0,0,1,0,0,0,97,0,0,1,0,1,3,1,73,0,0,0,0,0,0,0,0,0,0,0,0,0
2020-02-20,186,1,0,0,0,0,0,1,0,0,0,104,0,0,1,0,1,3,1,74,0,0,0,0,0,0,0,0,0,0,0,0,0
2020-02-21,190,1,0,0,0,0,0,1,0,0,0,107,0,0,1,0,1,3,1,75,0,0,0,0,0,0,0,0,0,0,0,0,0
2020-02-22,195,1,0,0,0,0,0,1,0,0,0,112,0,0,1,0,1,3,1,75,0,0,0,0,0,0,0,0,0,0,0,0,0
2020-02-23,198,1,0,0,0,0,0,1,0,0,0,114,0,0,1,0,1,3,1,75,0,0,0,0,0,1,0,0,0,0,0,0,0
2020-02-24,209,1,0,0,0,0,0,2,0,0,0,124,0,0,1,0,1,3,1,75,0,0,0,0,0,1,0,0,0,0,0,0,0
2020-02-25,214,1,0,0,0,0,0,2,0,0,0,129,0,0,1,0,1,3,1,75,0,0,0,0,0,1,0,0,0,0,0,0,0
2020-02-26,219,1,0,0,0,0,0,3,0,0,0,131,0,0,1,0,1,3,2,76,0,0,0,0,0,1,0,0,0,0,0,0,0
2020-02-27,227,1,0,0,0,0,0,5,0,0,0,134,0,0,1,0,1,3,2,77,0,0,0,0,0,2,1,0,0,0,0,0,0
2020-02-28,233,1,0,0,0,0,0,5,1,0,0,138,0,0,1,0,1,4,2,77,0,0,0,0,0,2,1,0,0,0,0,0,0
2020-02-29,234,1,0,0,0,1,0,5,1,0,0,138,0,0,1,0,1,4,2,77,0,0,0,0,0,2,1,0,0,0,0,0,0
2020-03-01,239,1,0,0,0,1,0,5,1,0,0,142,0,0,1,0,1,4,2,78,0,0,0,0,0,2,1,0,0,0,0,0,0
2020-03-02,246,1,0,0,0,1,0,5,1,0,0,148,0,0,1,0,1,4,2,78,0,0,0,0,0,2,2,0,0,0,0,0,0
2020-03-03,256,1,1,0,0,1,0,7,1,0,0,153,0,0,1,0,1,4,3,78,0,0,0,0,0,2,2,0,0,0,0,0,1
2020-03-04,263,1,1,0,0,1,0,10,1,0,0,156,0,0,1,0,1,4,3,79,0,0,0,0,0,2,2,0,0,0,0,0,1
2020-03-05,272,1,1,0,0,1,0,13,1,0,0,160,0,0,1,0,1,5,3,79,0,0,0,0,0,2,2,0,0,0,0,0,2
2020-03-06,277,1,1,0,0,1,0,14,1,0,0,164,0,0,1,0,1,5,3,79,0,0,0,0,0,2,2,0,0,0,0,0,2
2020-03-07,282,1,1,0,0,1,0,16,1,0,0,167,0,0,1,0,1,5,3,79,0,0,0,0,0,2,2,0,0,0,0,0,2
2020-03-08,289,1,1,0,0,1,0,19,1,0,0,169,0,0,1,0,1,6,3,79,0,0,0,0,0,2,2,0,0,0,0,1,2
2020-03-09,293,1,1,0,0,1,0,21,1,0,0,170,0,0,1,0,2,6,3,79,0,0,0,0,0,2,2,0,0,0,0,1,2
2020-03-10,305,1,1,0,0,1,0,24,1,0,0,171,0,0,1,0,2,7,3,82,0,0,2,0,0,2,2,0,0,0,0,1,4
2020-03-11,338,1,2,0,0,1,0,41,1,0,1,175,0,0,2,0,2,7,3,87,0,1,3,0,0,2,2,0,0,0,0,1,6
2020-03-12,370,2,2,0,1,1,0,61,1,0,1,175,0,0,5,0,2,7,3,88,0,3,4,0,0,2,2,0,0,0,0,2,8
2020-03-13,429,2,2,0,1,1,0,86,1,0,2,176,2,0,7,0,2,17,4,94,2,7,6,0,2,2,3,0,0,0,0,2,8
2020-03-14,479,3,2,0,1,1,1,112,1,1,3,176,2,0,12,0,2,19,4,100,2,10,7,3,2,2,3,0,0,0,0,2,8
2020-03-15,509,3,2,0,1,1,1,126,2,1,3,178,2,0,13,0,2,21,4,100,2,12,7,3,2,2,4,0,1,0,2,6,8
2020-03-16,568,3,3,0,1,1,1,149,2,2,3,180,4,0,24,0,2,25,4,106,2,14,7,6,3,2,4,0,2,0,2,8,8
2020-03-17,662,3,6,0,1,1,1,184,4,2,3,187,9,2,29,0,3,27,4,113,2,19,8,10,8,3,6,1,2,0,2,14,8
2020-03-18,771,6,9,1,1,2,2,216,6,2,4,199,10,2,46,1,4,29,5,125,2,25,10,10,8,3,7,4,2,0,8,14,8
2020-03-19,871,7,11,1,1,2,4,261,9,2,4,199,10,2,55,1,4,33,6,129,2,32,13,14,11,3,7,6,3,0,13,16,10
2020-03-20,958,9,14,2,1,2,6,282,12,2,4,203,10,4,58,3,4,41,6,141,2,37,14,16,14,3,8,8,4,0,15,20,13
2020-03-21,1007,10,15,3,1,2,8,288,12,2,4,214,11,7,59,8,4,42,6,144,3,39,15,19,17,3,9,8,4,0,16,20,14
2020-03-22,1040,11,17,3,1,2,9,294,12,2,4,218,11,7,61,8,4,43,6,147,4,40,15,21,18,3,9,8,5,0,16,26,15
2020-03-23,1142,15,22,7,1,3,9,318,12,2,4,225,12,8,69,10,6,47,7,151,6,48,17,24,19,6,10,9,6,2,20,31,16
2020-03-24,1260,15,24,9,1,3,10,340,17,2,5,225,12,8,75,13,8,64,9,156,7,60,21,30,19,10,14,19,6,3,20,38,17
2020-03-25,1368,31,29,9,1,5,11,357,17,2,5,228,14,10,81,14,8,83,9,158,10,65,23,35,19,15,18,22,6,3,22,41,17
2020-03-26,1490,34,39,10,1,5,12,390,19,2,5,236,16,12,87,16,10,104,9,158,13,74,23,40,20,17,19,27,6,3,25,41,17
2020-03-27,1628,40,45,13,4,10,12,412,22,2,5,241,18,14,92,17,11,129,9,165,15,79,25,42,25,21,23,38,7,4,26,43,19
2020-03-28,1716,45,49,15,4,10,13,448,25,2,5,243,19,14,92,17,11,135,9,167,16,89,27,44,25,24,24,39,10,5,26,44,20
2020-03-29,1797,47,58,15,4,10,14,472,33,2,5,244,20,15,92,19,11,138,9,170,18,94,28,44,29,27,24,47,11,5,27,45,20
2020-03-30,2029,51,76,29,4,12,16,524,48,2,6,248,22,20,99,19,12,174,9,172,20,107,29,60,32,33,25,53,15,6,30,54,22
2020-03-31,2235,52,103,36,4,14,17,567,60,2,8,255,25,24,102,21,13,196,11,172,25,129,33,66,34,38,28,63,19,7,31,58,22
2020-04-01,2420,52,132,40,4,16,19,610,78,4,9,255,27,25,104,22,16,217,11,173,26,139,35,76,34,42,28,67,27,11,36,63,22
2020-04-02,2621,53,147,50,4,18,21,669,98,4,9,256,28,26,109,23,22,239,11,178,26,153,36,83,34,51,28,80,27,11,39,65,23
2020-04-03,2846,54,168,65,4,23,22,723,122,4,9,257,29,27,119,24,22,262,11,179,27,165,36,90,34,56,30,99,35,11,43,73,23
2020-04-04,2956,54,171,69,4,24,24,755,133,4,10,258,29,28,120,24,25,277,14,182,30,171,38,91,36,59,33,101,37,13,44,75,23
2020-04-05,3045,55,178,71,7,25,25,782,135,4,10,259,29,29,120,26,26,287,15,183,30,175,38,94,38,62,34,104,41,16,45,78,24
2020-04-06,3390,59,214,93,10,29,33,866,156,4,10,269,33,29,124,27,31,319,16,192,34,187,39,114,41,75,43,109,50,22,49,88,25
2020-04-07,3667,61,232,117,10,29,37,956,162,4,10,274,41,31,129,30,34,344,17,197,34,193,42,123,46,87,52,118,55,28,53,96,25
2020-04-08,4006,62,263,140,10,32,41,1045,178,4,10,280,46,31,134,30,41,380,18,204,37,216,43,143,48,96,66,132,58,34,55,104,25
2020-04-09,4242,62,278,160,12,34,46,1140,182,4,10,280,49,31,138,37,46,390,21,205,38,228,44,149,52,102,69,139,62,35,63,111,25
2020-04-10,4508,65,298,165,12,35,49,1253,193,4,10,282,52,33,144,38,47,413,21,224,39,228,45,161,53,113,74,142,72,38,68,112,25
2020-04-11,4720,65,310,169,28,35,56,1329,201,4,10,287,55,33,148,39,47,426,23,229,41,235,47,169,55,118,78,148,76,47,70,115,27
2020-04-12,4905,66,323,171,33,35,59,1391,207,4,10,288,62,37,151,39,48,435,24,243,42,236,48,181,55,124,80,167,80,48,74,117,27
2020-04-13,5458,73,365,184,34,40,71,1593,220,4,10,289,74,40,159,49,51,498,25,262,45,245,55,196,56,155,95,185,92,53,81,132,27
2020-04-14,5991,75,425,199,40,42,81,1802,232,4,10,291,78,41,159,62,59,547,26,278,47,253,60,205,56,178,103,209,107,59,88,147,28
2020-04-15,6554,84,482,204,41,45,91,1980,245,5,11,301,82,44,170,68,63,618,27,292,52,269,63,218,58,208,112,236,122,64,102,165,32
2020-04-16,7076,88,530,210,43,48,106,2171,250,5,11,313,85,45,177,71,70,682,28,303,56,281,68,224,60,225,126,259,144,68,121,173,35
2020-04-17,7795,105,589,216,44,56,118,2443,259,7,11,340,93,54,187,82,78,740,30,308,62,299,70,241,67,252,139,295,175,71,147,182,35
2020-04-18,8113,116,600,219,50,57,126,2562,262,7,13,349,94,56,192,85,80,763,31,312,65,307,70,251,68,265,144,328,190,73,154,184,40
2020-04-19,8411,119,605,225,52,63,133,2683,265,8,22,356,94,60,192,89,81,792,31,315,67,313,70,259,68,275,147,358,200,76,164,188,41
2020-04-20,9265,133,665,229,58,71,157,3059,272,9,24,369,105,65,200,110,95,848,32,321,68,325,73,280,68,320,156,413,219,82,181,209,49
2020-04-21,10104,145,715,241,65,76,181,3432,293,9,27,376,109,72,212,117,103,924,34,332,70,337,74,301,72,350,164,471,236,87,202,227,50
2020-04-22,10865,155,754,245,68,83,205,3752,304,9,30,384,116,77,232,127,113,994,37,342,70,346,78,317,75,388,180,522,261,92,215,242,52
2020-04-23,11681,175,824,249,71,96,239,4047,310,11,31,391,122,84,247,142,120,1057,42,346,72,357,83,343,79,428,185,568,295,98,245,267,57
2020-04-24,12690,186,862,259,75,104,271,4513,321,12,32,403,134,86,276,160,130,1151,44,350,79,377,91,354,84,473,204,609,320,105,268,296,61
2020-04-25,13168,188,870,261,81,111,290,4681,324,12,35,408,138,92,282,187,134,1193,45,352,80,400,91,362,88,500,209,625,355,115,281,316,62
2020-04-26,13556,192,881,266,81,116,302,4840,326,12,41,410,140,98,285,204,135,1211,47,355,86,404,91,377,88,510,223,652,386,118,289,326,64
2020-04-27,14657,206,939,275,86,130,332,5283,347,12,44,431,154,110,300,223,152,1308,54,370,91,423,92,398,99,562,247,698,415,128,327,355,66
2020-04-28,15782,237,987,279,87,137,373,5759,365,12,46,442,174,123,309,244,164,1401,66,393,100,447,101,413,113,590,272,738,450,141,361,385,73
2020-04-29,16850,255,1041,281,92,149,407,6224,376,12,51,454,193,138,325,261,178,1485,72,414,104,461,109,437,119,636,293,762,480,148,408,406,79
2020-04-30,17946,278,1096,293,97,159,454,6676,394,12,52,467,199,153,338,276,200,1567,80,437,111,478,114,459,126,673,323,813,494,151,433,460,83
2020-05-01,18659,281,1131,293,102,171,488,6955,405,12,55,475,206,161,346,291,215,1611,84,457,120,492,118,467,138,699,348,842,522,155,455,475,89
2020-05-02,19382,283,1143,298,110,176,513,7212,409,12,58,479,233,167,360,299,222,1664,97,475,127,505,122,522,149,727,370,868,551,162,478,496,95
2020-05-03,19995,288,1179,301,115,179,527,7424,412,12,64,484,247,180,369,315,229,1747,107,482,134,515,124,535,157,740,386,899,568,164,498,517,97
2020-05-04,21753,333,1269,307,136,199,568,8111,435,12,67,511,281,196,388,350,251,1954,121,516,148,541,132,555,179,803,435,966,608,181,545,553,102
2020-05-05,23088,344,1336,318,144,213,635,8607,462,13,68,525,301,213,403,365,265,2078,140,577,176,554,140,568,193,834,492,1006,636,192,596,587,107
2020-05-06,24613,361,1398,325,155,237,689,9260,493,14,71,545,327,231,424,386,285,2186,154,596,189,576,146,592,224,896,531,1074,674,207,642,611,114
2020-05-07,26189,377,1465,335,166,257,744,9923,515,14,79,579,351,248,464,413,302,2324,166,618,200,610,155,612,237,939,562,1142,715,217,701,639,120
2020-05-08,27785,387,1540,340,175,280,781,10669,529,15,89,612,376,261,480,447,331,2461,170,640,213,643,172,629,261,979,604,1195,738,229,746,667,126
2020-05-09,28633,387,1569,345,184,293,809,11019,537,15,89,638,393,270,495,484,336,2498,172,654,223,669,193,639,271,1004,648,1219,761,242,772,678,127
2020-05-10,29240,388,1579,352,188,301,838,11234,548,15,91,652,404,276,503,499,341,2538,179,672,239,683,202,652,287,1016,669,1252,778,249,791,695,129
2020-05-11,31154,396,1652,357,207,324,889,11982,577,16,95,687,431,294,541,557,373,2714,189,703,267,723,236,679,314,1059,733,1337,813,274,872,727,136
2020-05-12,33159,432,1722,369,222,359,934,12744,603,21,101,732,469,323,570,607,395,2932,201,731,316,769,261,705,335,1113,796,1394,857,294,948,766,138
2020-05-13,35270,442,1790,379,235,412,990,13643,618,22,104,769,501,341,588,690,421,3075,209,787,364,823,282,725,357,1164,886,1468,890,322,1011,813,149
2020-05-14,37327,462,1856,386,248,459,1038,14386,656,29,109,815,547,375,628,757,433,3231,218,813,414,896,313,754,383,1224,949,1550,921,332,1127,855,163
2020-05-15,39747,479,1941,391,260,499,1092,15259,690,31,119,841,588,424,680,849,458,3504,228,877,474,946,348,767,406,1285,1025,1659,983,356,1232,888,168
2020-05-16,40995,479,1963,393,270,524,1123,15763,708,31,121,866,618,440,695,878,464,3565,230,906,529,979,364,774,426,1310,1078,1713,1029,380,1294,913,169
2020-05-17,41764,479,1985,396,280,540,1164,16039,718,34,126,875,631,453,708,889,469,3626,233,916,538,1002,374,781,437,1329,1111,1763,1046,389,1322,941,170
2020-05-18,44621,514,2136,405,290,610,1222,17091,791,34,136,915,709,508,746,943,499,3842,247,952,646,1084,398,815,465,1435,1242,1858,1099,415,1418,984,172
2020-05-19,47176,530,2238,418,306,648,1282,18089,834,38,140,973,787,546,811,994,532,4011,262,982,709,1165,437,839,484,1501,1376,1945,1145,450,1503,1029,172
2020-05-20,49978,553,2341,432,326,705,1347,19144,873,44,154,1020,885,591,857,1085,566,4193,273,1037,770,1233,467,864,520,1582,1499,2060,1202,487,1604,1078,186
2020-05-21,52852,575,2519,441,339,782,1429,20118,934,46,170,1073,969,656,893,1157,599,4390,288,1066,860,1322,493,885,555,1665,1639,2170,1268,526,1702,1131,192
2020-05-22,55715,597,2655,452,356,859,1484,21076,970,52,186,1115,1051,699,946,1226,642,4639,302,1100,928,1447,521,921,604,1763,1759,2275,1352,556,1801,1180,201
2020-05-23,57116,603,2690,458,369,887,1537,21490,1003,53,189,1142,1090,725,974,1242,648,4709,306,1123,999,1545,535,947,622,1784,1847,2346,1416,571,1852,1206,208
2020-05-24,58068,605,2724,466,379,906,1549,21728,1015,54,197,1150,1133,747,990,1262,654,4803,310,1144,1020,1576,548,957,640,1830,1918,2400,1451,579,1894,1230,209
2020-05-25,61427,642,2803,478,405,1020,1625,22695,1067,59,212,1245,1221,800,1064,1367,706,5121,320,1211,1107,1699,586,991,683,1958,2107,2552,1561,625,2019,1265,213
2020-05-26,64570,669,2887,489,431,1113,1680,23551,1117,62,226,1329,1290,844,1158,1453,757,5390,339,1320,1177,1799,618,1013,718,2090,2343,2726,1670,657,2127,1306,221
2020-05-27,67751,692,2957,504,451,1197,1726,24462,1184,63,241,1427,1372,892,1266,1527,788,5717,364,1381,1244,1917,645,1034,768,2231,2536,2891,1765,682,2250,1354,223
2020-05-28,70712,728,3031,518,473,1309,1765,25188,1242,67,259,1551,1450,965,1359,1628,824,5985,386,1434,1342,2023,670,1069,795,2327,2747,3071,1829,713,2336,1397,231
2020-05-29,73879,760,3104,537,487,1404,1829,26030,1328,72,285,1682,1523,1008,1474,1731,850,6318,403,1491,1435,2123,691,1106,834,2467,2921,3218,1912,741,2445,1425,245
2020-05-30,75519,766,3146,548,498,1445,1842,26436,1366,72,313,1767,1554,1029,1574,1759,856,6409,415,1524,1527,2202,702,1118,853,2541,3025,3297,1970,757,2512,1447,249
2020-05-31,76538,774,3170,553,500,1482,1862,26692,1397,74,318,1812,1612,1044,1617,1782,861,6472,422,1534,1547,2225,710,1131,864,2574,3100,3349,2013,768,2563,1466,250
2020-06-01,80425,829,3271,587,531,1596,1923,27671,1501,82,350,1955,1715,1111,1790,1923,901,6867,435,1605,1673,2353,739,1166,909,2721,3271,3523,2135,811,2717,1506,258
2020-06-02,83842,875,3374,601,547,1704,1992,28527,1571,90,382,2104,1779,1162,1950,2018,932,7226,463,1683,1806,2469,761,1215,957,2837,3442,3655,2225,842,2841,1546,266
2020-06-03,87473,925,3488,613,555,1781,2028,29485,1634,97,412,2237,1858,1207,2106,2138,972,7650,481,1742,1926,2601,794,1250,1025,2998,3644,3815,2306,879,2969,1581,276
2020-06-04,90969,961,3584,633,590,1844,2053,30361,1715,101,448,2420,1944,1246,2242,2264,1000,7940,497,1851,2078,2733,825,1273,1088,3141,3822,3969,2398,919,3118,1617,294
2020-06-05,94622,1010,3691,655,622,1938,2107,31237,1800,109,522,2546,2023,1294,2401,2381,1036,8282,527,1971,2225,2862,850,1302,1149,3313,4009,4125,2495,951,3255,1631,303
2020-06-06,96482,1019,3742,664,635,1970,2138,31646,1837,114,531,2641,2090,1316,2461,2437,1042,8412,540,2035,2342,2930,866,1311,1198,3398,4112,4228,2561,970,3331,1660,305
2020-06-07,97732,1035,3775,682,649,2000,2152,31886,1873,115,540,2689,2131,1332,2504,2455,1046,8549,547,2071,2368,2979,876,1329,1232,3454,4172,4317,2624,985,3377,1681,307
2020-06-08,102357,1104,3888,730,685,2101,2202,32868,2023,122,591,2835,2229,1391,2702,2617,1093,9090,574,2256,2506,3205,910,1373,1343,3589,4380,4582,2741,1029,3530,1751,317
2020-06-09,106768,1158,4019,764,733,2194,2250,33826,2141,134,659,3001,2317,1460,2889,2783,1127,9546,602,2392,2628,3378,939,1407,1426,3785,4604,4844,2856,1071,3698,1793,344
2020-06-10,111060,1207,4106,803,793,2264,2295,34723,2269,143,702,3145,2428,1509,3076,2897,1161,9998,624,2588,2753,3567,962,1456,1504,3963,4789,5137,3010,1106,3851,1855,376
2020-06-11,115072,1258,4206,827,859,2322,2342,35553,2392,155,751,3309,2528,1556,3246,3043,1196,10326,657,2758,2866,3807,980,1493,1571,4143,4991,5382,3124,1147,3978,1918,388
2020-06-12,119361,1306,4283,851,882,2386,2377,36447,2527,167,796,3477,2637,1616,3383,3215,1227,10665,700,2961,2967,4068,1005,1531,1626,4376,5179,5724,3333,1187,4087,1968,407
2020-06-13,121373,1324,4336,870,896,2417,2387,36794,2583,169,804,3558,2694,1638,3452,3278,1239,10770,717,3118,3094,4200,1028,1552,1647,4426,5287,5871,3447,1199,4158,1999,421
2020-06-14,122710,1330,4381,888,905,2442,2395,37040,2616,173,813,3588,2747,1650,3500,3294,1252,10864,729,3196,3135,4283,1039,1583,1663,4461,5357,5958,3537,1216,4216,2034,425
2020-06-15,127631,1394,4511,935,992,2497,2438,37960,2767,182,881,3858,2837,1706,3671,3455,1285,11265,763,3424,3277,4635,1071,1651,1766,4579,5555,6229,3764,1258,4460,2121,444
2020-06-16,132553,1440,4639,957,1059,2543,2506,38993,2957,195,966,4107,2946,1751,3822,3618,1330,11635,783,3612,3389,4945,1109,1696,1859,4731,5787,6509,4020,1295,4681,2203,470
2020-06-17,137275,1502,4749,999,1145,2607,2552,39963,3122,204,1028,4380,3020,1792,3985,3785,1365,11981,811,3759,3558,5275,1138,1751,1959,4865,6026,6787,4201,1338,4842,2298,488
2020-06-18,141901,1551,4851,1043,1214,2660,2601,40904,3310,213,1087,4640,3080,1841,4141,3933,1395,12322,843,3953,3709,5703,1163,1799,2048,4966,6221,7072,4381,1368,5006,2378,505
2020-06-19,146609,1604,4983,1059,1294,2708,2654,41871,3507,231,1129,4961,3169,1892,4274,4150,1433,12603,882,4115,3844,6045,1182,1863,2138,5093,6450,7328,4561,1402,5202,2459,523
2020-06-20,148954,1616,5028,1087,1330,2733,2677,42258,3604,235,1139,5100,3204,1913,4359,4262,1442,12705,900,4225,3936,6212,1205,1889,2173,5182,6560,7495,4708,1415,5310,2522,530
2020-06-21,150319,1628,5058,1103,1355,2744,2689,42478,3653,239,1148,5173,3241,1916,4411,4288,1446,12761,920,4281,3958,6302,1211,1923,2207,5213,6644,7581,4802,1427,5395,2588,536
2020-06-22,155534,1684,5210,1131,1448,2794,2732,43311,3913,251,1217,5492,3359,1965,4582,4485,1475,13096,981,4499,4102,6684,1238,2018,2320,5359,6920,7825,5089,1472,5633,2688,561
2020-06-23,160583,1731,5363,1170,1522,2835,2775,44160,4226,265,1310,5819,3443,2019,4745,4643,1506,13409,1015,4736,4249,7017,1270,2094,2433,5494,7176,8072,5339,1519,5831,2811,586
2020-06-24,165359,1768,5486,1217,1588,2891,2824,44919,4453,279,1391,6144,3510,2071,4884,4787,1545,13765,1050,4981,4392,7300,1307,2152,2531,5630,7431,8311,5589,1565,6048,2947,603
2020-06-25,170199,1819,5611,1269,1658,2939,2861,45730,4634,293,1444,6390,3603,2124,4997,4916,1560,14027,1087,5216,4555,7699,1335,2230,2641,5713,7737,8577,5930,1609,6257,3115,623
2020-06-26,175215,1864,5742,1307,1736,2988,2923,46659,4845,310,1531,6694,3699,2177,5145,5004,1583,14339,1125,5460,4708,8004,1368,2334,2739,5826,7960,8796,6317,1674,6487,3226,645
2020-06-27,177592,1874,5790,1349,1752,3001,2944,46959,4995,316,1577,6833,3816,2196,5228,5055,1587,14418,1153,5599,4785,8135,1391,2379,2817,5880,8075,8960,6496,1696,6587,3295,654
2020-06-28,179272,1876,5821,1380,1776,3022,2955,47164,5077,321,1604,6895,3964,2208,5273,5069,1595,14456,1169,5709,4831,8219,1402,2413,2853,5911,8181,9081,6619,1726,6697,3333,672
2020-06-29,185147,1898,5969,1431,1819,3059,3017,48110,5373,336,1650,7223,4172,2282,5427,5204,1629,14876,1211,6043,4999,8504,1443,2563,2979,6027,8489,9405,7070,1782,6951,3505,701
2020-06-30,190767,1924,6127,1485,1881,3079,3087,49009,5621,355,1731,7566,4396,2333,5594,5350,1647,15171,1256,6354,5148,8795,1471,2684,3106,6137,8863,9758,7401,1840,7218,3639,741
2020-07-01,196791,1981,6259,1551,1924,3108,3167,50077,5912,383,1836,7903,4632,2401,5747,5449,1674,15572,1307,6700,5345,9053,1500,2776,3236,6260,9214,10125,7772,1895,7491,3770,771
2020-07-02,202358,2039,6402,1617,1992,3134,3230,50974,6138,398,1897,8250,4902,2461,5896,5550,1696,15897,1341,6973,5527,9270,1548,2897,3376,6354,9600,10486,8099,1958,7751,3896,809
2020-07-03,207952,2092,6521,1677,2036,3162,3290,51892,6442,424,1952,8603,5140,2511,6056,5644,1715,16283,1388,7258,5711,9496,1567,2986,3537,6482,9980,10759,8424,2016,8006,4052,850
2020-07-04,210394,2095,6553,1728,2047,3172,3307,52243,6622,429,1964,8762,5306,2530,6131,5676,1718,16379,1419,7440,5828,9644,1586,3029,3592,6528,10139,10869,8580,2025,8097,4093,863
2020-07-05,212198,2097,6608,1769,2059,3180,3326,52428,6744,438,1974,8850,5446,2541,6185,5689,1725,16444,1427,7577,5853,9706,1597,3062,3636,6555,10342,10974,8720,2041,8192,4137,876
2020-07-06,218434,2174,6767,1846,2116,3206,3398,53406,7032,460,2035,9236,5563,2609,6367,5808,1747,16781,1486,8034,6079,9986,1640,3216,3822,6674,10826,11259,9097,2089,8478,4281,916
2020-07-07,224749,2288,6922,1947,2178,3219,3467,54386,7354,488,2094,9681,5675,2659,6565,5914,1767,17082,1539,8458,6268,10300,1693,3342,3999,6808,11281,11587,9500,2120,8794,4427,947
2020-07-08,230689,2327,7093,2026,2230,3231,3546,55367,7639,508,2155,10119,5764,2711,6730,6017,1784,17383,1573,8846,6435,10566,1745,3481,4177,6918,11708,11940,9871,2155,9087,4575,982
2020-07-09,236315,2362,7222,2143,2300,3248,3614,56123,7919,535,2249,10563,5871,2749,6892,6108,1804,17623,1619,9264,6582,10831,1796,3625,4382,7032,12062,12292,10224,2196,9354,4719,1012
2020-07-10,241936,2433,7321,2249,2380,3272,3707,57003,8175,580,2306,10962,5974,2807,7063,6206,1832,17940,1680,9639,6745,11076,1846,3743,4626,7148,12404,12580,10517,2247,9570,4852,1053
2020-07-11,244539,2445,7349,2279,2412,3277,3744,57351,8262,600,2328,11085,5999,2827,7174,6252,1837,18002,1702,9885,6841,11224,1878,3798,4775,7176,12582,12753,10715,2263,9720,4908,1096
2020-07-12,246464,2483,7394,2313,2449,3279,3765,57514,8320,615,2343,11187,6097,2849,7227,6279,1846,18065,1719,10070,6884,11331,1895,3842,4855,7206,12723,12914,10819,2268,9843,4968,1102
2020-07-13,253659,2544,7524,2424,2542,3344,3867,58591,8669,661,2432,11672,6230,2929,7464,6403,1879,18465,1778,10534,7040,11694,1953,3987,5184,7359,13246,13302,11196,2310,10163,5138,1135
2020-07-14,260408,2611,7657,2534,2598,3427,3941,59526,8986,703,2512,12170,6371,3003,7714,6523,1904,18759,1819,10987,7213,12031,2000,4131,5505,7465,13683,13695,11648,2376,10437,5296,1183
2020-07-15,267521,2688,7794,2655,2682,3458,4032,60727,9236,744,2583,12714,6473,3068,7942,6639,1932,19178,1865,11457,7353,12366,2072,4239,5881,7566,14060,14093,12068,2448,10804,5464,1240
2020-07-16,274120,2754,7904,2764,2765,3500,4110,61871,9499,804,2658,13191,6619,3146,8144,6738,1955,19513,1909,11920,7494,12664,2131,4349,6208,7641,14385,14454,12500,2502,11074,5632,1322
2020-07-17,280524,2811,8011,2836,2852,3525,4184,63056,9748,842,2731,13563,6717,3216,8348,6871,1979,19904,1953,12336,7651,12978,2189,4457,6562,7742,14728,14840,12844,2562,11337,5784,1367
2020-07-18,283595,2824,8057,2885,2872,3537,4216,63681,9873,874,2757,13709,6810,3259,8450,6957,1984,19971,1990,12523,7743,13115,2221,4490,6756,7772,14892,15026,13059,2587,11473,5831,1401
2020-07-19,285649,2834,8095,2911,2907,3581,4240,63894,9939,901,2765,13794,6921,3286,8503,6985,1991,20053,2013,12636,7783,13214,2237,4533,6954,7784,15030,15187,13214,2605,11575,5873,1411
2020-07-20,292932,2881,8217,3043,3006,3615,4330,65057,10193,947,2852,14232,7136,3411,8743,7151,2023,20510,2074,13118,7942,13577,2302,4666,7337,7881,15368,15578,13580,2666,11938,6071,1487
2020-07-21,299864,2949,8311,3142,3079,3637,4417,66221,10455,994,2962,14822,7248,3516,8962,7290,2053,20966,2136,13610,8087,13860,2352,4782,7693,7968,15598,15981,13930,2707,12320,6257,1559
2020-07-22,306536,2985,8415,3236,3164,3672,4518,67409,10717,1057,3050,15318,7379,3602,9157,7431,2080,21411,2200,14044,8232,14140,2406,4910,8036,8046,15844,16327,14267,2761,12621,6458,1643
2020-07-23,312951,3050,8506,3369,3216,3689,4614,68523,10995,1111,3127,15774,7576,3699,9307,7603,2105,21714,2251,14530,8354,14429,2456,5028,8377,8136,16108,16701,14557,2804,12891,6650,1701
2020-07-24,319416,3112,8606,3464,3277,3727,4700,69602,11281,1164,3190,16212,7748,3770,9452,7752,2124,22037,2316,14975,8492,14688,2494,5143,8736,8230,16416,17088,14906,2865,13219,6863,1767
2020-07-25,322234,3118,8653,3517,3292,3732,4737,70121,11431,1191,3199,16368,7830,3811,9513,7809,2131,22090,2335,15162,8587,14860,2522,5178,8927,8251,16567,17264,15107,2874,13341,6914,1802
2020-07-26,324006,3129,8686,3539,3302,3748,4760,70329,11498,1220,3224,16476,7892,3841,9570,7853,2139,22145,2345,15245,8619,14916,2544,5203,9045,8281,16719,17441,15147,2892,13482,6959,1817
2020-07-27,330725,3187,8796,3692,3350,3786,4841,71414,11866,1263,3313,16989,8069,3925,9809,8035,2179,22502,2405,15381,8754,15244,2598,5350,9387,8424,17065,17852,15407,2967,13825,7181,1869
2020-07-28,337328,3230,8898,3825,3407,3818,4945,72504,12208,1321,3402,17556,8225,4020,9983,8238,2214,22779,2445,15649,8882,15509,2662,5469,9735,8520,17462,18217,15654,3022,14090,7457,1982
2020-07-29,343430,3269,8982,3920,3451,3839,5032,73591,12486,1358,3477,17970,8341,4096,10171,8412,2239,23153,2477,15860,9008,15762,2731,5598,10061,8630,17851,18587,15936,3079,14330,7701,2032
2020-07-30,349498,3312,9082,4061,3492,3854,5123,74656,12787,1397,3542,18434,8509,4187,10310,8561,2272,23452,2513,16118,9123,16043,2792,5692,10322,8723,18261,18896,16165,3126,14546,8032,2115
2020-07-31,354875,3363,9200,4146,3529,3881,5190,75642,12997,1428,3629,18811,8657,4276,10446,8702,2299,23760,2551,16348,9247,16244,2858,5795,10615,8795,18591,19209,16342,3168,14766,8220,2170
2020-08-01,357454,3381,9249,4198,3557,3894,5233,76170,13184,1446,3651,18930,8763,4313,10525,8763,2309,23842,2573,16417,9312,16345,2896,5838,10779,8823,18727,19353,16480,3182,14836,8284,2201
2020-08-02,358838,3388,9282,4226,3569,3903,5257,76376,13221,1469,3663,19026,8808,4356,10563,8789,2318,23888,2591,16466,9328,16387,2909,5878,10874,8842,18829,19441,16525,3188,14926,8327,2225
2020-08-03,364870,3430,9404,4361,3604,3921,5342,77235,13509,1525,3752,19509,8978,4457,10750,8951,2346,24317,2639,16758,9440,16640,2973,5984,11188,8953,19163,19703,16804,3240,15195,8499,2300
2020-08-04,370845,3482,9521,4487,3653,3948,5447,78313,13873,1578,3825,19907,9166,4548,10918,9110,2377,24660,2675,17084,9592,16879,3045,6070,11477,9035,19481,19929,17054,3284,15406,8644,2377
2020-08-05,376698,3521,9611,4626,3687,3984,5541,79352,14189,1629,3903,20238,9359,4652,11116,9273,2400,25050,2724,17387,9704,17121,3098,6151,11790,9111,19842,20184,17278,3323,15625,8790,2439
2020-08-06,382069,3554,9705,4733,3718,4009,5619,80310,14501,1674,3995,20541,9495,4743,11286,9430,2434,25334,2761,17659,9797,17366,3177,6228,12108,9200,20136,20439,17504,3353,15817,8927,2516
2020-08-07,387401,3578,9802,4828,3734,4021,5715,81300,14804,1718,4052,20912,9614,4842,11451,9592,2465,25682,2801,17944,9874,17584,3236,6300,12370,9280,20428,20672,17770,3386,16015,9048,2583
2020-08-08,389972,3587,9841,4898,3743,4028,5776,81730,14974,1746,4069,21041,9653,4904,11511,9654,2469,25754,2822,18086,9964,17711,3267,6322,12517,9312,20632,20766,17953,3396,16072,9126,2648
2020-08-09,391367,3594,9869,4933,3747,4036,5805,81869,15030,1769,4076,21109,9680,4939,11576,9689,2475,25796,2846,18179,9973,17761,3288,6353,12591,9333,20761,20844,18042,3403,16126,9186,2689
2020-08-10,397209,3658,10013,5055,3774,4058,5879,82818,15362,1827,4164,21502,9822,5018,11771,9895,2514,26188,2897,18460,10079,18009,3371,6465,12849,9431,21048,21085,18318,3456,16357,9291,2775
2020-08-11,402809,3691,10102,5158,3792,4075,5982,83851,15708,1882,4279,21886,9933,5102,11948,10129,2554,26508,2945,18740,10162,18227,3438,6530,13068,9513,21294,21317,18617,3500,16532,9423,2923
2020-08-12,408082,3733,10188,5270,3815,4090,6062,84890,15963,1944,4361,22275,10009,5182,12126,10303,2588,26851,2992,19024,10259,18449,3523,6602,13306,9610,21526,21504,18822,3552,16699,9522,3042
2020-08-13,413233,3777,10271,5402,3843,4120,6158,85890,16231,2004,4451,22670,10129,5289,12298,10439,2618,27166,3030,19335,10362,18634,3572,6656,13504,9701,21742,21697,19033,3604,16872,9639,3096
2020-08-14,418274,3804,10347,5520,3849,4138,6257,86949,16497,2070,4534,23025,10202,5372,12452,10601,2657,27459,3066,19613,10458,18813,3652,6703,13730,9797,22011,21894,19226,3631,17019,9777,3151
2020-08-15,420474,3814,10372,5567,3856,4144,6301,87431,16673,2097,4543,23145,10266,5403,12501,10666,2665,27522,3089,19746,10529,18922,3691,6721,13833,9819,22092,21992,19319,3642,17079,9838,3196
2020-08-16,421852,3829,10402,5598,3865,4151,6318,87571,16769,2125,4556,23215,10299,5443,12547,10708,2668,27546,3101,19831,10545,18962,3721,6759,13941,9839,22165,22060,19377,3653,17153,9902,3233
2020-08-17,427498,3903,10519,5723,3888,4172,6408,88581,17004,2182,4665,23535,10411,5521,12777,10951,2703,27905,3136,20182,10653,19184,3787,6845,14225,9940,22434,22247,19588,3700,17366,10062,3301
2020-08-18,433031,3963,10616,5843,3921,4189,6492,89824,17252,2231,4766,23848,10521,5590,12964,11158,2739,28216,3171,20478,10772,19364,3847,6901,14472,10034,22709,22429,19782,3736,17552,10263,3388
2020-08-19,438138,4006,10709,5929,3949,4207,6582,90964,17523,2295,4827,24239,10637,5668,13119,11343,2766,28456,3193,20820,10851,19518,3936,6950,14708,10136,22918,22660,19920,3764,17717,10371,3457
2020-08-20,442983,4039,10825,5953,3968,4232,6674,91982,17776,2359,4923,24619,10720,5766,13282,11541,2804,28697,3209,21114,10926,19663,4002,7000,14925,10228,23166,22811,20070,3823,17836,10515,3535
2020-08-21,448225,4082,10893,6020,4023,4262,6762,93116,18146,2415,5018,25057,10797,5847,13423,11714,2817,28987,3238,21382,11024,19826,4075,7064,15171,10317,23403,22985,20278,3876,17958,10639,3610
2020-08-22,450452,4103,10917,6088,4032,4271,6795,93610,18281,2449,5041,25173,10851,5886,13497,11767,2825,29034,3256,21537,11089,19926,4112,7077,15297,10332,23580,23063,20333,3892,18013,10678,3647
2020-08-23,451810,4110,10946,6126,4037,4276,6823,93812,18338,2478,5052,25298,10901,5925,13552,11800,2829,29081,3263,21619,11104,19966,4129,7100,15366,10353,23639,23133,20376,3905,18054,10758,3661
2020-08-24,457642,4166,11064,6249,4055,4285,6919,94929,18614,2534,5169,25761,11000,6032,13758,12053,2861,29420,3319,21956,11237,20173,4234,7200,15650,10426,23884,23272,20535,3986,18248,10921,3732
2020-08-25,463148,4217,11148,6339,4078,4304,7025,96056,18850,2606,5272,26141,11123,6120,13962,12266,2894,29722,3352,22411,11327,20356,4331,7256,15875,10522,24141,23453,20682,4042,18408,11044,3825
2020-08-26,469082,4289,11225,6431,4091,4317,7173,97479,19144,2666,5376,26573,11212,6215,14181,12443,2918,30017,3382,22883,11416,20526,4438,7322,16108,10640,24409,23643,20839,4096,18577,11164,3889
2020-08-27,474494,4335,11318,6537,4113,4326,7272,98771,19368,2715,5469,26965,11311,6282,14368,12631,2944,30340,3406,23331,11524,20685,4522,7382,16273,10715,24579,23847,20981,4124,18708,11389,3963
2020-08-28,479744,4381,11402,6601,4151,4330,7349,100093,19596,2763,5570,27352,11423,6344,14530,12834,2965,30587,3428,23758,11580,20858,4597,7436,16449,10796,24782,24039,21137,4161,18826,11579,4047
2020-08-29,481958,4393,11428,6652,4156,4334,7398,100788,19693,2789,5579,27526,11450,6374,14566,12897,2971,30623,3436,23932,11642,20918,4662,7446,16534,10821,24897,24129,21184,4167,18889,11609,4075
2020-08-30,483316,4401,11441,6713,4162,4340,7426,100987,19724,2806,5589,27653,11476,6408,14637,12956,2973,30653,3441,24039,11652,20965,4702,7480,16621,10850,24937,24201,21248,4172,18937,11635,4091
2020-08-31,489139,4475,11603,6831,4182,4357,7538,102086,19911,2872,5716,28166,11607,6480,14899,13217,3004,31003,3474,24388,11743,21135,4808,7552,16863,10953,25170,24380,21466,4201,19128,11786,4145
2020-09-01,495207,4520,11764,6940,4192,4375,7697,103604,20105,2908,5849,28598,11740,6550,15087,13486,3026,31265,3515,24803,11854,21285,4937,7616,17078,11060,25400,24571,21695,4227,19329,11910,4221
2020-09-02,501111,4583,11895,7067,4215,4384,7822,105167,20268,2943,6014,28950,11886,6633,15300,13690,3050,31605,3534,25201,11928,21437,5018,7669,17310,11195,25538,24743,21902,4256,19516,12062,4330
2020-09-03,506392,4632,12030,7169,4233,4393,7917,106567,20422,2968,6117,29316,12015,6691,15502,13909,3071,31886,3563,25617,12040,21584,5105,7705,17495,11254,25659,24855,22124,4291,19649,12211,4402
2020-09-04,511547,4664,12132,7267,4247,4403,7990,107894,20573,2999,6220,29699,12160,6750,15675,14080,3088,32185,3586,26009,12122,21703,5202,7754,17680,11352,25844,24989,22330,4335,19790,12330,4495
2020-09-05,513633,4670,12166,7324,4249,4409,8019,108572,20640,3008,6239,29790,12204,6775,15734,14158,3097,32216,3592,26122,12204,21778,5239,7771,17745,11369,25930,25058,22436,4371,19835,12375,4538
2020-09-06,514858,4678,12184,7352,4254,4416,8039,108769,20692,3024,6255,29905,12255,6794,15792,14214,3100,32238,3601,26210,12215,21824,5269,7789,17786,11381,25975,25113,22480,4389,19878,12425,4562
2020-09-07,520211,4740,12316,7483,4270,4430,8154,109760,20859,3063,6369,30286,12459,6871,16061,14431,3124,32618,3642,26570,12334,21966,5354,7855,17990,11470,26131,25257,22679,4419,20025,12598,4627
2020-09-08,525836,4777,12420,7598,4280,4439,8250,111202,21034,3096,6470,30701,12615,6927,16304,14630,3148,32958,3673,27027,12453,22092,5445,7911,18165,11562,26324,25393,22870,4449,20167,12764,4692
2020-09-09,530953,4818,12518,7691,4289,4453,8361,112565,21166,3115,6568,31044,12750,6996,16514,14819,3173,33235,3700,27464,12586,22237,5527,7945,18334,11636,26516,25463,23028,4463,20319,12900,4760
2020-09-10,535775,4865,12614,7770,4298,4473,8452,113861,21292,3144,6645,31439,12881,7043,16695,15041,3198,33570,3718,27755,12690,22374,5581,7979,18492,11697,26656,25576,23173,4480,20443,13032,4848
2020-09-11,540391,4896,12705,7858,4330,4482,8536,115115,21405,3181,6754,31819,13029,7095,16865,15182,3206,33889,3738,28047,12750,22483,5646,8000,18676,11773,26782,25685,23320,4498,20569,13157,4920
2020-09-12,542437,4899,12723,7916,4335,4491,8571,115840,21447,3198,6768,31927,13099,7125,16915,15235,3206,33939,3745,28177,12895,22525,5664,8006,18727,11799,26843,25768,23383,4505,20605,13211,4950
2020-09-13,543542,4900,12740,7935,4339,4495,8580,116014,21491,3213,6780,32027,13156,7149,16979,15276,3207,33967,3758,28253,12912,22543,5687,8014,18774,11810,26898,25844,23408,4515,20645,13257,4976
2020-09-14,548834,4957,12840,8025,4349,4510,8688,117025,21654,3247,6870,32498,13336,7230,17262,15485,3226,34336,3787,28676,13026,22703,5773,8068,18977,11918,27105,25979,23552,4559,20796,13343,5034
2020-09-15,552346,4968,12877,8111,4351,4519,8782,117837,21744,3281,6941,32742,13508,7277,17389,15675,3241,34506,3795,28902,13152,22793,5830,8097,19097,11951,27235,26098,23673,4585,20836,13445,5108
2020-09-16,553838,4973,12885,8164,4352,4521,8840,118027,21817,3297,6945,32868,13562,7313,17452,15737,3242,34539,3805,29063,13257,22849,5854,8110,19148,11965,27311,26147,23713,4589,20877,13473,5143
2020-09-17,559215,5046,12985,8248,4359,4537,8933,119318,21982,3329,7044,33151,13723,7372,17715,15930,3265,34915,3839,29517,13393,23000,5914,8156,19326,12055,27476,26298,23851,4632,21054,13617,5235
2020-09-18,563984,5070,13073,8354,4398,4550,9073,120527,22104,3377,7158,33424,13846,7445,17888,16074,3277,35287,3867,29978,13474,23092,5971,8197,19505,12146,27611,26419,23967,4647,21175,13727,5283
2020-09-19,566000,5078,13096,8412,4400,4554,9125,121154,22166,3405,7174,33500,13912,7466,17953,16126,3281,35325,3879,30125,13574,23140,6023,8216,19583,12179,27694,26473,24024,4663,21212,13784,5304
2020-09-20,567106,5088,13124,8429,4406,4557,9164,121364,22195,3429,7190,33568,13951,7481,18013,16153,3286,35365,3888,30226,13589,23168,6053,8238,19620,12195,27720,26516,24066,4675,21255,13824,5310
2020-09-21,572446,5164,13206,8534,4425,4575,9316,122336,22386,3474,7331,33826,14108,7579,18282,16350,3310,35776,3916,30700,13735,23315,6160,8306,19812,12302,27873,26640,24237,4706,21459,13945,5362
2020-09-22,577755,5227,13290,8611,4432,4586,9450,123686,22538,3535,7433,34078,14284,7663,18548,16527,3333,36020,3946,31150,13866,23453,6243,8370,20008,12396,28064,26762,24404,4737,21594,14077,5444
2020-09-23,582707,5281,13368,8690,4444,4595,9567,124953,22679,3576,7537,34259,14464,7736,18792,16713,3348,36356,3974,31545,13996,23559,6346,8409,20184,12481,28246,26895,24506,4779,21723,14200,5506
2020-09-24,587281,5342,13435,8766,4458,4605,9653,126152,22819,3631,7628,34504,14602,7794,19029,16869,3365,36587,4001,31951,14078,23658,6438,8452,20305,12553,28398,27004,24620,4803,21854,14350,5577
2020-09-25,591761,5377,13497,8853,4473,4609,9776,127350,22959,3673,7730,34709,14689,7854,19271,17028,3390,36929,4016,32308,14170,23775,6506,8505,20455,12620,28532,27106,24740,4817,21957,14445,5642
2020-09-26,593780,5385,13511,8907,4481,4616,9812,128091,23073,3700,7739,34774,14738,7884,19330,17089,3396,36967,4021,32463,14266,23825,6540,8528,20523,12636,28599,27147,24798,4819,21989,14467,5666
2020-09-27,594914,5396,13522,8924,4485,4626,9851,128331,23115,3714,7752,34833,14775,7896,19384,17128,3397,36992,4028,32558,14295,23860,6564,8545,20574,12656,28637,27209,24833,4825,22018,14507,5684
2020-09-28,600254,5481,13610,9015,4498,4640,10004,129476,23273,3777,7861,35132,14918,7954,19636,17334,3416,37280,4055,33084,14454,23995,6680,8633,20735,12764,28826,27338,24978,4843,22191,14620,5753
2020-09-29,605440,5575,13690,9108,4508,4653,10195,130726,23492,3836,7966,35343,15081,8010,19934,17522,3446,37573,4081,33539,14587,24082,6775,8682,20847,12853,29017,27453,25120,4873,22297,14721,5855
2020-09-30,610167,5649,13794,9184,4521,4663,10364,131931,23677,3898,8083,35599,15224,8069,20196,17647,3464,37845,4097,33878,14684,24169,6876,8731,20989,12934,29186,27538,25232,4898,22396,14826,5925
2020-10-01,614632,5688,13881,9267,4533,4677,10530,133137,23853,3943,8189,35846,15318,8122,20399,17772,3492,38111,4116,34209,14800,24283,6987,8783,21101,12995,29358,27587,25326,4914,22495,14924,5996
2020-10-02,618855,5746,13947,9335,4553,4686,10745,134214,24015,3988,8303,36129,15402,8179,20580,17898,3507,38294,4128,34529,14898,24398,7079,8834,21251,13071,29514,27649,25395,4926,22574,15005,6083
2020-10-03,620622,5754,13978,9376,4553,4689,10819,134734,24121,4014,8313,36165,15443,8209,20655,17960,3512,38325,4132,34702,14991,24428,7120,8848,21317,13092,29564,27692,25446,4938,22599,15018,6115
2020-10-04,621680,5769,13998,9398,4557,4690,10874,134891,24198,4029,8329,36203,15473,8231,20706,17986,3514,38341,4144,34801,15028,24466,7146,8863,21370,13099,29607,27731,25464,4939,22621,15046,6168
2020-10-05,626588,5850,14106,9495,4572,4703,11176,135949,24419,4074,8481,36381,15624,8289,20919,18117,3540,38519,4167,35221,15144,24581,7253,8932,21550,13190,29812,27812,25589,4950,22770,15165,6238
2020-10-06,631619,5932,14224,9571,4579,4712,11463,137163,24697,4128,8611,36573,15733,8350,21132,18264,3573,38693,4180,35710,15278,24676,7347,8974,21741,13289,29984,27911,25690,4963,22893,15255,6330
2020-10-07,636424,5992,14341,9636,4591,4719,11755,138398,24906,4174,8803,36805,15861,8429,21382,18386,3603,38853,4199,36169,15415,24774,7443,8985,21936,13356,30109,27970,25791,4977,22988,15268,6410
2020-10-08,641084,6051,14405,9720,4597,4725,12109,139632,25113,4231,8965,37050,15966,8474,21562,18485,3633,38972,4221,36593,15510,24874,7559,9021,22105,13439,30226,28049,25873,4996,23102,15327,6499
2020-10-09,645969,6105,14459,9808,4612,4731,12492,140868,25316,4291,9135,37298,16048,8523,21746,18588,3653,39097,4239,37097,15622,24978,7704,9071,22309,13520,30327,28153,25957,5017,23209,15413,6583
2020-10-10,648181,6112,14483,9855,4612,4737,12761,141390,25446,4310,9151,37367,16080,8545,21799,18639,3661,39116,4250,37307,15743,25026,7776,9089,22430,13549,30380,28204,26004,5030,23229,15443,6657
2020-10-11,649509,6130,14506,9874,4612,4739,12870,141584,25521,4330,9173,37428,16102,8571,21859,18660,3666,39134,4253,37458,15788,25051,7840,9108,22488,13568,30413,28251,26028,5035,23256,15480,6733
2020-10-12,655259,6240,14606,9985,4622,4751,13227,142877,25773,4368,9446,37712,16213,8644,22108,18849,3693,39297,4272,38042,15889,25195,8016,9150,22698,13673,30545,28350,26131,5048,23397,15609,6833
2020-10-13,661440,6314,14714,10070,4632,4758,13845,144292,26093,4415,9655,37993,16300,8709,22355,19006,3719,39463,4297,38576,16020,25306,8206,9202,22972,13772,30710,28432,26264,5078,23499,15777,6996
2020-10-14,667022,6392,14823,10144,4644,4764,14507,145560,26324,4456,9837,38235,16420,8778,22616,19122,3748,39600,4313,39070,16146,25425,8390,9237,23175,13857,30873,28524,26357,5088,23604,15874,7119
2020-10-15,672580,6471,14927,10236,4651,4776,15064,146952,26577,4494,10083,38496,16519,8861,22836,19241,3766,39772,4328,39526,16247,25550,8586,9272,23368,13928,31018,28586,26435,5093,23700,15977,7244
2020-10-16,678252,6541,14998,10350,4672,4779,15611,148549,26819,4559,10297,38765,16579,8928,23023,19375,3789,39927,4341,40001,16364,25674,8771,9302,23547,14004,31148,28658,26521,5109,23772,16095,7384
2020-10-17,680762,6561,15022,10402,4678,4780,15977,149223,26952,4584,10338,38850,16594,8959,23103,19413,3792,39953,4348,40214,16434,25729,8875,9318,23623,14042,31205,28696,26562,5115,23799,16161,7460
2020-10-18,682194,6584,15046,10427,4678,4781,16147,149467,27061,4604,10361,38930,16603,9001,23170,19436,3797,39976,4350,40333,16454,25767,8949,9326,23688,14059,31264,28728,26589,5127,23813,16188,7490
2020-10-19,689262,6711,15170,10537,4690,4794,16817,151411,27401,4644,10657,39273,16691,9096,23469,19593,3814,40169,4371,40790,16569,25938,9210,9364,23937,14153,31468,28792,26705,5143,23948,16308,7629
2020-10-20,696571,6789,15274,10624,4699,4798,17600,153494,27764,4686,10968,39699,16765,9171,23740,19788,3836,40350,4393,41238,16671,26073,9417,9412,24228,14253,31609,28859,26888,5172,24038,16492,7783
2020-10-21,702974,6868,15389,10720,4704,4805,18144,155298,28093,4718,11302,40088,16840,9245,23985,19909,3858,40474,4407,41739,16787,26189,9589,9438,24446,14343,31760,28929,27015,5192,24103,16645,7952
2020-10-22,709249,6978,15485,10798,4718,4811,18680,157200,28461,4746,11601,40435,16919,9320,24198,20028,3879,40599,4419,42115,16883,26310,9798,9469,24645,14438,31937,29001,27116,5212,24179,16773,8098
2020-10-23,715505,7090,15597,10893,4727,4815,19153,159186,28808,4775,11887,40808,16960,9403,24377,20117,3894,40762,4423,42548,16966,26466,9987,9495,24864,14531,32077,29074,27231,5235,24252,16868,8236
2020-10-24,718081,7124,15620,10950,4729,4818,19356,159951,28991,4792,11956,40928,16973,9444,24431,20155,3898,40774,4427,42740,17047,26547,10112,9516,24965,14562,32108,29107,27296,5244,24278,16912,8330
2020-10-25,719659,7143,15635,10966,4731,4821,19501,160230,29101,4806,12026,41027,16996,9488,24474,20179,3902,40792,4431,42849,17094,26588,10213,9527,25034,14591,32148,29137,27357,5252,24295,16941,8384
2020-10-26,726928,7314,15768,11074,4762,4826,20077,162325,29423,4837,12373,41523,17068,9591,24763,20329,3926,40988,4450,43295,17191,26726,10476,9557,25225,14699,32357,29216,27503,5273,24416,17039,8538
2020-10-27,733887,7469,15873,11160,4775,4832,20580,164356,29748,4877,12781,42054,17119,9661,24995,20466,3952,41197,4471,43726,17309,26865,10712,9591,25449,14799,32476,29323,27662,5292,24510,17064,8743
2020-10-28,740067,7617,15962,11243,4791,4834,20933,166399,30032,4910,13098,42463,17152,9748,25244,20588,3965,41359,4487,44101,17378,26984,10901,9636,25632,14887,32592,29437,27748,5309,24605,17138,8894
2020-10-29,745980,7756,16027,11326,4798,4837,21269,168256,30360,4936,13368,42847,17216,9844,25451,20707,3982,41522,4498,44516,17464,27136,11108,9654,25841,14946,32690,29513,27829,5325,24676,17234,9048
2020-10-30,751370,7891,16102,11390,4815,4837,21664,169943,30613,4964,13634,43223,17258,9920,25642,20812,3994,41656,4508,44897,17547,27261,11286,9691,25987,15004,32822,29532,27914,5336,24752,17298,9177
2020-10-31,753576,7924,16125,11423,4816,4837,21797,170628,30755,4979,13679,43339,17277,9949,25741,20844,4000,41680,4513,45058,17596,27294,11435,9707,26082,15026,32847,29564,27958,5348,24770,17334,9251
2020-11-01,754872,7951,16141,11444,4816,4837,21941,170863,30804,4990,13710,43447,17284,9974,25795,20866,4006,41706,4518,45165,17616,27319,11528,9719,26142,15042,32872,29590,27988,5369,24793,17351,9285
2020-11-02,758970,8116,16251,11526,4823,4839,22210,171454,31067,5015,13929,43666,17305,10031,26024,20947,4035,41863,4534,45579,17651,27406,11789,9749,26265,15101,32983,29628,28076,5396,24874,17409,9429
2020-11-03,765983,8279,16357,11592,4828,4841,22557,173712,31418,5040,14236,44105,17380,10128,26289,21075,4059,42108,4549,46060,17788,27553,12018,9786,26436,15167,33183,29735,28188,5426,24968,17488,9634
2020-11-04,772461,8431,16458,11673,4846,4844,22943,175758,31706,5072,14591,44531,17416,10209,26503,21213,4085,42280,4560,46506,17882,27661,12296,9809,26633,15252,33335,29837,28285,5452,25026,17554,9814
2020-11-05,778977,8547,16534,11744,4853,4848,23301,177779,31998,5101,14859,44982,17470,10307,26726,21332,4119,42430,4581,47041,17955,27765,12582,9831,26849,15339,33539,29948,28390,5470,25122,17610,10025
2020-11-06,784978,8706,16624,11800,4858,4849,23561,179597,32288,5121,15106,45408,17509,10369,26935,21426,4141,42558,4591,47748,18048,27885,12851,9855,27007,15390,33672,30026,28491,5502,25183,17678,10195
2020-11-07,787622,8730,16648,11827,4863,4850,23669,180409,32442,5134,15154,45547,17531,10403,26986,21460,4148,42579,4599,48109,18114,27951,13019,9868,27118,15411,33726,30077,28545,5512,25203,17707,10283
2020-11-08,789236,8758,16670,11847,4867,4852,23726,180652,32534,5145,15208,45682,17539,10443,27025,21493,4155,42599,4606,48329,18134,27981,13183,9875,27158,15429,33792,30098,28592,5526,25240,17740,10358
2020-11-09,796776,8943,16778,11957,4879,4857,24027,183118,32860,5173,15523,46149,17600,10551,27303,21620,4194,42815,4617,48911,18271,28134,13447,9898,27424,15528,33988,30230,28736,5562,25357,17804,10522
2020-11-10,804383,9085,16845,12042,4886,4862,24309,185602,33278,5198,15803,46682,17652,10678,27550,21762,4249,42987,4634,49502,18404,28270,13767,9931,27671,15605,34184,30339,28854,5605,25466,17912,10769
2020-11-11,811572,9248,16929,12115,4897,4877,24568,187828,33654,5225,16059,47216,17709,10769,27801,21872,4286,43239,4642,50096,18510,28437,14097,9955,27887,15693,34405,30436,28959,5632,25553,17979,10999
2020-11-12,818625,9441,16986,12203,4907,4893,24890,189988,33978,5234,16342,47726,17764,10848,28028,21994,4315,43431,4651,50657,18613,28606,14403,9974,28167,15752,34590,30558,29058,5667,25629,18109,11223
2020-11-13,825110,9569,17062,12266,4925,4897,25138,192098,34256,5244,16616,48238,17797,10929,28260,22108,4345,43591,4667,51211,18700,28734,14667,9995,28369,15807,34746,30684,29168,5700,25686,18172,11465
2020-11-14,828036,9595,17098,12293,4927,4900,25244,193010,34402,5247,16734,48460,17813,10962,28341,22142,4352,43613,4673,51521,18770,28816,14841,10003,28485,15832,34799,30741,29222,5728,25708,18215,11549
2020-11-15,829745,9621,17129,12307,4931,4901,25303,193341,34491,5252,16764,48558,17824,10998,28399,22167,4356,43635,4674,51758,18825,28858,15040,10010,28543,15845,34839,30771,29269,5741,25725,18240,11630
2020-11-16,831964,9657,17164,12336,4933,4905,25406,193725,34608,5255,16845,48745,17845,11060,28526,22220,4362,43667,4678,51961,18893,28925,15150,10018,28620,15859,34939,30812,29342,5765,25744,18271,11728
2020-11-17,840243,9904,17305,12416,4945,4919,25699,196413,34919,5280,17200,49433,17899,11175,28822,22377,4402,43891,4692,52484,18999,29120,15458,10044,28866,15953,35192,30948,29535,5830,25843,18346,11934
2020-11-18,847742,10131,17474,12497,4967,4932,25935,198695,35219,5310,17503,50049,17951,11260,29124,22497,4437,44138,4701,52941,19099,29262,15785,10082,29101,16032,35409,31057,29728,5890,25915,18452,12169
2020-11-19,854829,10343,17638,12584,4972,4943,26169,200783,35451,5331,17765,50714,17985,11353,29389,22620,4475,44332,4710,53448,19185,29452,16059,10096,29345,16106,35646,31175,29872,5921,25988,18550,12429
2020-11-20,861965,10526,17789,12653,4991,4954,26411,203007,35690,5343,18037,51373,18035,11443,29612,22705,4504,44515,4718,53973,19253,29588,16417,10134,29564,16186,35894,31305,30027,5959,26045,18658,12656
2020-11-21,865156,10566,17875,12689,4993,4954,26500,204229,35833,5354,18079,51595,18053,11473,29698,22739,4512,44550,4718,54214,19308,29674,16614,10143,29656,16213,35966,31382,30091,5974,26060,18728,12723
2020-11-22,866798,10594,17921,12715,4996,4958,26527,204566,35894,5359,18125,51716,18068,11516,29760,22772,4515,44585,4728,54334,19349,29717,16788,10150,29708,16221,36022,31435,30146,5984,26069,18778,12782
2020-11-23,875706,10839,18196,12812,5019,4971,26698,207544,36140,5384,18453,52450,18160,11646,30111,22891,4567,44895,4745,54812,19454,29910,17245,10198,29932,16298,36383,31574,30291,6009,26182,18926,12971
2020-11-24,884783,11077,18454,12911,5030,4977,26894,210699,36414,5406,18770,53293,18236,11764,30406,23049,4604,45198,4771,55264,19548,30102,17663,10246,30229,16384,36703,31711,30446,6031,26268,19023,13212
2020-11-25,893033,11258,18701,12995,5053,4982,27065,213620,36652,5421,18980,54003,18292,11886,30738,23181,4641,45436,4786,55715,19633,30288,18030,10299,30467,16433,37018,31882,30571,6049,26344,19147,13467
2020-11-26,901373,11390,18946,13085,5075,4989,27226,216639,36878,5439,19253,54770,18348,12025,31042,23320,4673,45680,4802,56207,19712,30473,18439,10342,30674,16499,37310,32010,30696,6072,26433,19251,13675
2020-11-27,909670,11522,19168,13160,5087,4996,27346,219928,37144,5455,19519,55523,18442,12148,31296,23446,4692,45915,4819,56629,19772,30663,18799,10397,30872,16575,37556,32161,30837,6096,26527,19309,13871
2020-11-28,913457,11549,19231,13205,5089,4997,27397,221632,37229,5467,19545,55794,18462,12171,31422,23494,4705,45935,4829,56899,19840,30782,19036,10407,30975,16603,37646,32252,30897,6109,26555,19352,13951
2020-11-29,915389,11577,19285,13231,5089,5000,27425,222093,37304,5479,19606,55954,18475,12214,31479,23529,4717,45967,4834,57016,19860,30829,19255,10416,31031,16624,37711,32346,30946,6117,26591,19381,14008
2020-11-30,924820,11753,19540,13337,5108,5014,27551,226053,37521,5498,19849,56639,18528,12347,31790,23687,4779,46260,4851,57486,20010,31033,19658,10465,31250,16697,38002,32526,31080,6157,26726,19459,14166
2020-12-01,934875,11915,19834,13458,5120,5031,27668,230381,37807,5520,20084,57475,18594,12440,32140,23859,4843,46509,4867,57934,20125,31254,20037,10521,31480,16774,38342,32696,31187,6188,26791,19546,14455
2020-12-02,944862,12070,20056,13559,5137,5044,27751,235075,38022,5542,20303,58211,18638,12561,32496,24026,4885,46767,4884,58305,20262,31507,20471,10576,31658,16844,38653,32886,31299,6219,26873,19648,14634
2020-12-03,954802,12195,20284,13645,5152,5060,27831,239956,38281,5567,20478,58928,18698,12716,32803,24139,4941,47063,4907,58663,20389,31739,20866,10629,31840,16906,38949,33062,31414,6236,26935,19742,14788
2020-12-04,964448,12294,20497,13741,5172,5082,27901,245014,38540,5581,20631,59552,18740,12853,33050,24260,4970,47341,4916,59021,20489,31950,21212,10668,32021,16983,39221,33217,31519,6259,27002,19808,14943
2020-12-05,969222,12315,20592,13784,5177,5085,27925,247894,38617,5595,20640,59747,18779,12892,33123,24291,4983,47388,4922,59183,20571,32092,21456,10686,32107,17001,39368,33316,31559,6276,27021,19838,14999
2020-12-06,971127,12344,20648,13800,5180,5086,27943,248504,38660,5602,20654,59857,18807,12943,33170,24320,4990,47412,4929,59268,20600,32148,21661,10697,32154,17006,39505,33401,31598,6281,27049,19871,15039
2020-12-07,982573,12470,20910,13900,5199,5102,28025,254310,38877,5624,20821,60591,18894,13078,33469,24485,5042,47884,4951,59693,20745,32427,22012,10745,32310,17084,39926,33650,31723,6346,27136,19944,15200
2020-12-08,993954,12590,21194,14015,5211,5121,28111,259970,39141,5637,21002,61409,18968,13233,33709,24638,5107,48317,4959,60208,20858,32639,22389,10781,32541,17146,40251,33936,31869,6374,27227,20030,15373
2020-12-09,1004851,12693,21423,14101,5230,5137,28212,265434,39365,5656,21135,62162,19036,13370,33989,24761,5165,48663,4977,60759,20996,32925,22740,10819,32701,17197,40641,34258,31990,6408,27292,20107,15509
2020-12-10,1015865,12783,21680,14231,5234,5159,28277,271021,39604,5674,21269,62979,19117,13541,34224,24901,5233,48998,4992,61263,21108,33157,23161,10846,32857,17263,40932,34528,32136,6451,27381,20188,15677
2020-12-11,1026830,12865,21905,14339,5262,5176,28333,276593,39811,5689,21395,63574,19187,13680,34489,25039,5273,49377,5008,61829,21284,33398,23668,10908,33051,17336,41266,34782,32287,6489,27450,20279,15808
2020-12-12,1032289,12877,22006,14405,5266,5178,28366,279696,39913,5704,21413,63841,19229,13747,34635,25086,5286,49420,5010,62108,21383,33544,23862,10928,33126,17364,41426,34961,32361,6507,27476,20318,15847
2020-12-13,1034418,12888,22063,14427,5267,5185,28384,280262,39961,5719,21425,63971,19259,13808,34700,25116,5296,49461,5012,62296,21405,33620,24049,10946,33170,17372,41519,35124,32431,6520,27512,20360,15890
2020-12-14,1047026,12991,22312,14572,5297,5207,28453,286293,40244,5740,21585,64856,19386,13993,35031,25323,5352,49931,5037,62887,21577,33893,24499,11002,33389,17466,41917,35399,32610,6607,27643,20523,16011
2020-12-15,1059226,13088,22534,14716,5312,5223,28525,292262,40537,5745,21739,65639,19482,14167,35302,25529,5417,50304,5057,63523,21726,34184,24861,11078,33624,17547,42312,35662,32827,6699,27768,20655,16182
2020-12-16,1070768,13169,22749,14838,5345,5246,28617,297977,40822,5771,21853,66287,19569,14299,35607,25683,5462,50766,5067,64003,21879,34518,25276,11125,33817,17626,42678,35940,33038,6791,27897,20764,16289
2020-12-17,1081966,13255,22953,14969,5360,5271,28688,303666,41105,5793,21976,66875,19675,14448,35897,25846,5510,51157,5075,64523,22037,34779,25657,11176,34021,17682,42997,36199,33214,6859,27987,20852,16464
2020-12-18,1092796,13329,23101,15072,5383,5287,28756,309736,41306,5808,22098,67421,19751,14580,36123,25983,5568,51527,5092,64907,22186,35037,25948,11223,34200,17745,43301,36459,33394,6940,28059,20933,16543
2020-12-19,1098017,13352,23154,15130,5385,5292,28775,312773,41423,5821,22111,67641,19763,14638,36197,26025,5589,51592,5093,65084,22315,35210,26102,11246,34283,17777,43498,36619,33489,6962,28089,20972,16617
2020-12-20,1100308,13369,23194,15152,5391,5298,28802,313348,41509,5834,22119,67838,19784,14696,36278,26059,5610,51630,5099,65245,22370,35329,26240,11265,34352,17797,43605,36766,33549,7000,28121,20998,16661
2020-12-21,1112760,13489,23475,15273,5410,5324,28855,319371,41765,5861,22238,68542,19869,14854,36622,26280,5683,52161,5122,65794,22583,35688,26583,11332,34607,17899,44006,37070,33775,7104,28261,21086,16778
2020-12-22,1124768,13582,23696,15409,5417,5349,28930,325135,42069,5887,22371,69270,19942,14987,36907,26473,5777,52691,5131,66358,22768,36029,26900,11397,34815,17966,44400,37390,34007,7183,28375,21196,16961
2020-12-23,1135619,13656,23871,15528,5446,5372,29002,330650,42319,5909,22474,69816,20016,15112,37145,26622,5873,53120,5144,66837,23010,36324,27231,11422,35042,18031,44722,37685,34200,7247,28498,21255,17040
2020-12-24,1144435,13691,23966,15627,5464,5380,29046,335378,42490,5935,22527,70164,20081,15205,37357,26736,5928,53559,5150,67316,23163,36587,27484,11450,35172,18087,44895,37945,34348,7294,28570,21325,17115
2020-12-25,1145597,13694,23986,15637,5468,5380,29059,335749,42509,5942,22528,70221,20088,15250,37406,26775,5934,53600,5153,67412,23194,36643,27571,11456,35207,18087,44955,37960,34376,7305,28590,21343,17119
2020-12-26,1149830,13717,24030,15723,5472,5386,29092,337580,42605,5964,22538,70427,20113,15293,37527,26819,5982,53685,5162,67654,23376,36815,27714,11502,35301,18112,45164,38136,34471,7331,28626,21376,17137
2020-12-27,1152352,13742,24079,15751,5476,5391,29104,338373,42690,5987,22547,70610,20127,15353,37641,26866,6030,53745,5170,67822,23428,36930,27861,11532,35375,18123,45312,38172,34531,7353,28666,21408,17157
2020-12-28,1165847,13856,24340,15928,5506,5403,29174,344774,42955,6021,22670,71365,20285,15500,38076,27139,6159,54348,5201,68422,23677,37369,28177,11584,35558,18207,45794,38542,34742,7442,28849,21507,17277
2020-12-29,1179700,13956,24570,16123,5518,5420,29235,351355,43263,6055,22821,72116,20416,15661,38482,27401,6339,54975,5229,69130,23897,37776,28509,11655,35787,18313,46239,38883,35017,7546,28995,21605,17413
2020-12-30,1192289,14043,24731,16325,5532,5441,29282,357362,43522,6080,22940,72818,20512,15830,38837,27630,6551,55555,5248,69807,24130,38159,28768,11730,35998,18400,46670,39149,35253,7643,29124,21698,17521
2020-12-31,1202627,14079,24849,16464,5549,5453,29318,362506,43748,6113,23006,73315,20611,15938,39073,27794,6684,55991,5264,70555,24288,38452,29058,11780,36158,18462,46957,39381,35437,7720,29221,21795,17608
2021-01-01,1204289,14083,24883,16488,5551,5453,29338,362997,43772,6119,23009,73397,20621,15990,39152,27806,6712,56078,5267,70640,24324,38565,29231,11788,36200,18468,47039,39403,35494,7741,29242,21823,17615
2021-01-02,1209272,14108,24947,16593,5555,5465,29372,364760,43901,6130,23025,73601,20652,16060,39289,27881,6914,56157,5277,71017,24518,38846,29432,11826,36330,18507,47247,39616,35595,7782,29329,21882,17658
2021-01-03,1212563,14136,24983,16632,5556,5477,29402,365709,44014,6164,23031,73779,20676,16140,39436,27942,7109,56212,5286,71286,24601,39026,29640,11853,36422,18532,47391,39661,35664,7817,29393,21920,17673
2021-01-04,1227989,14229,25246,16833,5589,5499,29498,372727,44352,6194,23170,74500,20816,16396,39949,28151,7312,56861,5341,72130,24906,39493,30252,11942,36692,18651,47831,40033,35951,7961,29614,22037,17833
2021-01-05,1244337,14345,25545,17096,5616,5525,29573,379936,44683,6229,23323,75382,20975,16627,40477,28395,7528,57619,5376,73180,25214,40026,30693,12065,37030,18771,48295,40403,36229,8093,29839,22204,18045
2021-01-06,1260237,14467,25775,17342,5646,5557,29671,386819,45027,6267,23451,76298,21125,16805,41090,28658,7749,58467,5413,74088,25519,40550,31280,12162,37368,18905,48636,40734,36572,8202,30057,22336,18201
2021-01-07,1276524,14597,26039,17597,5668,5599,29773,393961,45436,6325,23610,77081,21288,17092,41640,28859,8005,59357,5450,74972,25824,41014,31928,12261,37698,19047,48975,41091,36915,8315,30250,22464,18393
2021-01-08,1292617,14723,26258,17843,5705,5633,29857,401002,45815,6389,23753,77889,21454,17323,42298,29025,8289,60087,5494,75894,26107,41579,32514,12356,38102,19195,49287,41463,37276,8414,30453,22595,18545
2021-01-09,1300371,14759,26313,17938,5709,5643,29887,404998,45929,6421,23770,78181,21507,17422,42467,29079,8518,60156,5524,76306,26327,41966,32778,12403,38311,19262,49433,41664,37440,8470,30537,22650,18603
2021-01-10,1303756,14777,26350,17983,5713,5656,29904,406103,46007,6450,23785,78389,21564,17503,42604,29102,8550,60231,5530,76502,26416,42188,32966,12432,38450,19299,49547,41713,37560,8504,30641,22694,18643
2021-01-11,1321776,14964,26642,18222,5743,5714,29999,413876,46294,6513,23933,79458,21868,17731,43429,29350,8876,61110,5598,77307,26763,42771,33625,12536,38890,19472,49974,42153,37837,8649,30864,22797,18818
2021-01-12,1338759,15114,26877,18458,5759,5748,30084,421189,46686,6568,24134,80487,22165,17924,44079,29665,9143,61942,5666,78176,26993,43384,34265,12696,39274,19646,50247,42484,38156,8787,31085,22924,18954
2021-01-13,1354561,15241,27120,18662,5796,5780,30181,428480,46963,6622,24272,81457,22362,18187,44674,29928,9354,62573,5730,78887,27246,43899,34892,12790,39650,19794,50512,42790,38466,8895,31264,23008,19086
2021-01-14,1370148,15360,27317,18873,5823,5811,30240,435283,47284,6658,24408,82449,22585,18402,45237,30125,9727,63454,5791,79650,27463,44394,35518,12866,40030,19924,50789,43108,38737,9005,31487,23115,19235
2021-01-15,1384943,15489,27498,19047,5852,5838,30304,441868,47601,6698,24514,83406,22779,18547,45795,30278,10058,64106,5834,80585,27723,44883,35995,12952,40414,20077,50991,43404,39001,9112,31712,23246,19336
2021-01-16,1392149,15498,27534,19144,5857,5843,30330,445636,47698,6724,24539,83704,22826,18609,45927,30331,10314,64255,5868,80928,27880,45215,36272,12979,40639,20139,51137,43560,39144,9147,31816,23284,19372
2021-01-17,1395186,15512,27563,19198,5863,5857,30347,446539,47804,6748,24554,83856,22870,18658,46061,30382,10341,64368,5882,81116,27947,45360,36495,13008,40818,20176,51243,43588,39229,9176,31913,23324,19390
2021-01-18,1411706,15696,27809,19417,5889,5890,30467,453487,48157,6801,24683,84769,23128,18831,46668,30637,10684,65144,5938,81942,28188,45887,37278,13088,41286,20348,51652,44006,39554,9308,32146,23409,19519
2021-01-19,1427878,15875,27978,19668,5912,5914,30559,460170,48552,6865,24838,85654,23390,18999,47219,30869,11048,66002,6008,82884,28513,46403,37924,13194,41789,20498,51895,44352,39882,9408,32372,23547,19697
2021-01-20,1442805,16066,28132,19883,5944,5948,30666,466105,48870,6938,24964,86503,23650,19173,47780,31082,11619,66864,6077,83731,28729,46784,38533,13275,42296,20639,52134,44656,40156,9526,32557,23706,19819
2021-01-21,1457254,16242,28299,20096,5971,5969,30752,471901,49217,7000,25080,87280,23856,19330,48281,31266,12123,67695,6149,84539,28941,47190,39170,13378,42764,20780,52408,44976,40425,9602,32785,23820,19969
2021-01-22,1471486,16382,28466,20344,6006,5986,30808,477683,49519,7058,25195,87961,24022,19504,48762,31440,12725,68461,6217,85371,29131,47576,39779,13493,43223,20954,52664,45318,40727,9685,33010,23931,20085
2021-01-23,1478024,16405,28511,20454,6017,5988,30850,480765,49607,7074,25217,88252,24075,19565,48869,31479,13185,68548,6254,85660,29249,47851,40009,13591,43429,21000,52791,45544,40851,9719,33099,23981,20135
2021-01-24,1480744,16415,28534,20493,6025,5995,30865,481585,49686,7104,25227,88398,24120,19639,48990,31512,13207,68629,6268,85828,29330,47995,40181,13617,43569,21055,52854,45608,40930,9751,33156,24024,20154
2021-01-25,1496068,16643,28681,20751,6060,6026,30969,487620,49997,7152,25365,89206,24367,19836,49533,31747,13904,69464,6333,86596,29569,48419,40787,13728,44082,21223,53144,46014,41232,9826,33366,24148,20280
2021-01-26,1510870,16810,28867,20977,6089,6061,31066,493741,50392,7186,25497,89987,24559,19989,50017,31932,14474,70239,6388,87418,29802,48815,41423,13833,44592,21366,53323,46310,41512,9897,33573,24284,20451
2021-01-27,1523668,16937,29007,21172,6117,6097,31146,498928,50672,7239,25599,90591,24745,20182,50531,32068,14925,70963,6450,88174,30003,49185,41974,13907,45022,21509,53492,46566,41734,9994,33734,24416,20589
2021-01-28,1535810,17049,29146,21351,6140,6133,31228,503742,50997,7280,25685,91298,24969,20292,50951,32205,15356,71708,6492,88900,30201,49500,42478,14012,45389,21623,53667,46810,41986,10077,33887,24549,20709
2021-01-29,1546377,17155,29249,21502,6184,6181,31275,508138,51237,7331,25758,91945,25151,20429,51300,32302,15774,72275,6518,89426,30346,49820,42841,14103,45749,21733,53854,47016,42152,10146,34030,24655,20802
2021-01-30,1551420,17171,29287,21563,6191,6204,31296,510522,51314,7349,25764,92174,25197,20484,51359,32320,16174,72384,6533,89695,30455,50046,43030,14153,45924,21765,53955,47136,42225,10163,34073,24684,20830
2021-01-31,1553479,17190,29306,21593,6196,6219,31311,511158,51371,7356,25781,92364,25250,20526,51412,32343,16177,72479,6543,89768,30499,50162,43208,14166,45999,21792,54016,47169,42288,10175,34105,24711,20846
2021-02-01,1556428,17199,29343,21638,6200,6229,31339,512122,51430,7380,25784,92624,25303,20555,51492,32379,16195,72534,6548,89908,30614,50319,43356,14188,46143,21802,54093,47341,42377,10209,34150,24742,20892
2021-02-02,1567921,17352,29490,21863,6221,6256,31418,516792,51663,7430,25914,93297,25541,20662,51840,32503,16682,73236,6572,90361,30803,50640,43779,14258,46487,21910,54320,47579,42526,10307,34313,24895,21011
2021-02-03,1578077,17460,29606,22066,6248,6277,31495,520800,51856,7474,26031,93928,25665,20741,52130,32619,17091,73835,6604,90864,30988,50964,44202,14320,46788,22020,54498,47835,42688,10387,34459,24999,21139
2021-02-04,1587446,17568,29706,22244,6259,6284,31552,524572,52042,7512,26113,94538,25860,20830,52368,32711,17507,74372,6621,91294,31159,51226,44603,14397,47042,22109,54650,48050,42853,10481,34583,25077,21263
2021-02-05,1596160,17644,29787,22405,6270,6298,31603,528129,52231,7562,26173,95191,25999,20906,52605,32783,17905,74847,6648,91677,31319,51501,44966,14462,47233,22198,54814,48259,42989,10576,34684,25134,21362
2021-02-06,1600046,17648,29814,22469,6271,6300,31623,530029,52267,7581,26186,95435,26039,20930,52654,32807,18142,74917,6663,91815,31440,51652,45144,14476,47346,22227,54881,48370,43041,10615,34720,25161,21383
2021-02-07,1601620,17662,29835,22505,6272,6304,31636,530457,52292,7594,26189,95617,26056,20966,52692,32814,18148,74967,6667,91888,31486,51744,45260,14481,47409,22258,54917,48390,43097,10661,34758,25197,21401
2021-02-08,1611628,17780,29957,22694,6295,6319,31717,534637,52517,7647,26296,96272,26186,21056,52947,32899,18512,75469,6703,92301,31697,52090,45641,14544,47697,22404,55066,48635,43235,10734,34890,25305,21486
2021-02-09,1619483,17847,30039,22829,6312,6334,31792,537854,52715,7694,26372,96829,26286,21144,53182,32965,18607,75946,6728,92632,31849,52313,45994,14602,47880,22495,55200,48862,43388,10793,35005,25397,21598
2021-02-10,1626696,17913,30112,22916,6327,6349,31844,540916,52848,7721,26443,97258,26370,21205,53405,33019,18818,76372,6751,92996,32032,52528,46269,14634,48021,22579,55365,49059,43490,10852,35102,25495,21687
2021-02-11,1633348,17986,30202,23030,6337,6375,31911,543672,52977,7743,26492,97648,26477,21290,53644,33064,18882,76800,6769,93267,32165,52781,46539,14670,48183,22669,55493,49236,43602,10909,35187,25577,21771
2021-02-12,1639848,18034,30270,23102,6355,6396,31967,546626,53090,7763,26535,98057,26572,21338,53854,33114,18923,77200,6796,93522,32296,53027,46789,14702,48332,22765,55584,49387,43698,10981,35279,25654,21840
2021-02-13,1642840,18042,30293,23152,6356,6403,31973,548335,53119,7774,26546,98181,26591,21367,53893,33129,18941,77258,6806,93584,32396,53135,46912,14725,48440,22791,55637,49457,43725,11005,35313,25686,21875
2021-02-14,1643943,18045,30307,23173,6359,6405,31977,548699,53135,7782,26562,98269,26607,21389,53925,33136,18949,77290,6811,93601,32432,53210,47007,14736,48499,22806,55665,49477,43737,11019,35336,25714,21884
2021-02-15,1650925,18129,30395,23275,6368,6416,32013,551732,53194,7809,26633,98679,26718,21460,54176,33187,19162,77731,6830,93750,32589,53475,47344,14791,48634,22907,55770,49675,43780,11069,35442,25810,21982
2021-02-16,1657533,18197,30442,23357,6373,6425,32093,554547,53317,7828,26675,99037,26832,21517,54365,33234,19405,78265,6845,93922,32736,53702,47640,14845,48750,23003,55871,49844,43838,11116,35537,25882,22093
2021-02-17,1663462,18273,30485,23449,6382,6434,32159,557033,53404,7849,26731,99386,26903,21576,54580,33277,19562,78693,6867,94107,32873,53884,47939,14881,48874,23068,55970,50004,43903,11154,35631,25977,22154
2021-02-18,1669438,18343,30533,23555,6398,6452,32225,559493,53507,7867,26780,99768,26985,21643,54797,33316,19632,79164,6881,94290,32990,54082,48248,14928,49014,23136,56075,50151,43970,11187,35719,26079,22230
2021-02-19,1675059,18396,30579,23626,6408,6461,32287,561936,53635,7886,26809,100139,27056,21695,54952,33351,19777,79525,6905,94460,33103,54268,48538,14979,49144,23201,56173,50292,44026,11223,35785,26160,22284
2021-02-20,1677550,18414,30595,23659,6415,6462,32308,563232,53668,7894,26816,100255,27083,21722,54984,33367,19793,79574,6913,94531,33191,54389,48712,15002,49195,23217,56209,50352,44060,11236,35801,26191,22310
2021-02-21,1678699,18426,30609,23668,6420,6464,32323,563564,53689,7900,26832,100331,27108,21744,55015,33378,19803,79620,6917,94586,33231,54467,48819,15013,49233,23233,56247,50382,44083,11249,35815,26212,22318
2021-02-22,1686080,18514,30685,23781,6447,6482,32446,566673,53794,7936,26917,100774,27206,21832,55238,33437,19973,80126,6935,94805,33411,54724,49151,15070,49378,23322,56360,50582,44178,11295,35923,26314,22371
2021-02-23,1692451,18572,30738,23882,6459,6496,32517,569465,53893,7951,26973,101076,27291,21915,55442,33484,20137,80458,6958,95007,33546,54991,49536,15105,49513,23388,56448,50736,44261,11325,36006,26441,22441
2021-02-24,1698212,18637,30801,23955,6480,6511,32575,571935,53976,7972,27023,101352,27374,21984,55639,33526,20310,80783,6981,95194,33738,55179,49842,15129,49644,23444,56525,50875,44353,11361,36075,26529,22510
2021-02-25,1703895,18698,30855,24034,6493,6519,32654,574385,54049,7988,27064,101667,27453,22049,55815,33568,20485,81098,7004,95383,33872,55377,50161,15163,49771,23516,56599,51033,44431,11394,36142,26608,22567
2021-02-26,1709680,18755,30905,24101,6511,6532,32737,577022,54131,8005,27110,101966,27537,22119,55957,33618,20654,81408,7017,95552,34052,55577,50429,15196,49872,23581,56676,51147,44505,11433,36206,26742,22627
2021-02-27,1712329,18765,30925,24130,6512,6532,32754,578500,54158,8013,27120,102094,27551,22148,55982,33637,20676,81461,7021,95625,34142,55722,50570,15211,49938,23598,56717,51200,44540,11439,36229,26774,22645
2021-02-28,1713558,18774,30939,24152,6517,6533,32773,578914,54175,8018,27124,102160,27571,22176,56018,33654,20695,81510,7023,95657,34176,55812,50701,15227,49955,23610,56751,51213,44564,11446,36262,26804,22654
2021-03-01,1720918,18854,31013,24239,6538,6548,32883,581964,54257,8029,27203,102496,27682,22264,56238,33704,20987,82029,7040,95857,34386,56086,51111,15277,50124,23680,56843,51423,44662,11477,36363,26928,22733
2021-03-02,1726692,18912,31074,24304,6556,6559,32939,584621,54328,8043,27259,102765,27776,22338,56370,33759,21092,82360,7059,96012,34570,56278,51382,15314,50257,23738,56935,51560,44750,11512,36424,27040,22806
2021-03-03,1732039,18967,31133,24358,6572,6582,33025,587069,54413,8060,27308,102990,27861,22407,56506,33800,21154,82691,7069,96157,34686,56461,51676,15341,50376,23788,57016,51711,44838,11551,36488,27130,22855
2021-03-04,1737209,19023,31187,24438,6584,6593,33092,589319,54489,8074,27362,103207,27945,22451,56630,33841,21270,83007,7083,96280,34814,56672,51964,15379,50481,23843,57121,51845,44909,11575,36563,27238,22930
2021-03-05,1742206,19071,31242,24493,6610,6609,33169,591536,54555,8084,27403,103450,28012,22521,56734,33882,21368,83318,7103,96408,34903,56847,52244,15408,50577,23902,57221,52020,44971,11617,36625,27322,22981
2021-03-06,1744447,19080,31253,24518,6615,6611,33193,592712,54577,8093,27417,103548,28040,22544,56761,33889,21403,83365,7107,96466,34967,56953,52348,15425,50648,23929,57278,52083,45008,11630,36646,27345,22995
2021-03-07,1745555,19089,31265,24532,6620,6616,33211,593053,54595,8099,27429,103601,28065,22566,56785,33894,21433,83401,7109,96498,35006,57018,52450,15436,50672,23943,57324,52106,45027,11635,36662,27368,23047
2021-03-08,1751362,19177,31323,24602,6640,6632,33316,595483,54662,8120,27491,103866,28166,22625,56920,33949,21561,83814,7132,96652,35121,57243,52768,15471,50808,24017,57426,52275,45126,11679,36735,27451,23111
2021-03-09,1756330,19214,31381,24661,6654,6645,33405,597572,54724,8141,27542,104042,28247,22674,57045,33992,21766,84154,7148,96786,35264,57407,53035,15497,50890,24079,57558,52427,45198,11694,36795,27532,23161
2021-03-10,1760882,19266,31413,24709,6671,6673,33507,599347,54781,8153,27578,104229,28306,22727,57142,34031,21910,84429,7165,96912,35371,57563,53354,15532,50998,24147,57684,52580,45274,11725,36852,27624,23229
2021-03-11,1765318,19325,31454,24776,6685,6691,33584,601206,54819,8161,27612,104446,28368,22779,57241,34055,22044,84699,7178,97058,35485,57719,53604,15560,51076,24199,57788,52719,45323,11769,36920,27707,23268
2021-03-12,1769530,19366,31478,24826,6696,6700,33652,603045,54865,8176,27667,104649,28433,22827,57327,34092,22112,84965,7191,97166,35558,57921,53804,15597,51170,24239,57894,52851,45395,11818,36975,27786,23289
2021-03-13,1771480,19371,31486,24850,6701,6708,33685,604034,54881,8182,27672,104752,28453,22847,57349,34103,22129,85005,7197,97206,35585,58031,53923,15618,51229,24265,57927,52911,45421,11841,37005,27812,23301
2021-03-14,1772381,19377,31489,24867,6703,6711,33707,604380,54889,8189,27676,104786,28461,22860,57361,34112,22141,85032,7204,97232,35600,58082,54008,15631,51261,24272,57957,52936,45435,11857,37030,27827,23308
2021-03-15,1773681,19385,31502,24880,6710,6715,33730,604790,54903,8200,27695,104853,28488,22881,57387,34124,22171,85067,7206,97275,35648,58166,54096,15654,51315,24295,57987,52972,45461,11882,37074,27846,23323
2021-03-16,1779358,19463,31543,24973,6732,6727,33852,607158,54957,8220,27770,105138,28557,22952,57554,34179,22300,85477,7222,97429,35714,58356,54369,15709,51410,24369,58111,53136,45544,11948,37155,27944,23390
2021-03-17,1783672,19498,31572,25036,6757,6734,33949,609068,55012,8233,27825,105333,28635,22994,57644,34228,22386,85754,7235,97526,35764,58513,54605,15738,51496,24435,58183,53263,45605,11976,37218,28030,23427
2021-03-18,1787764,19537,31611,25108,6765,6745,34046,610838,55044,8247,27874,105520,28713,23047,57748,34274,22477,85994,7247,97604,35817,58688,54792,15772,51563,24504,58263,53401,45657,12012,37256,28108,23492
2021-03-19,1791552,19575,31631,25208,6775,6759,34146,612367,55076,8258,27913,105698,28774,23108,57854,34326,22567,86236,7256,97683,35885,58839,54982,15802,51644,24558,58335,53522,45717,12049,37306,28188,23515
2021-03-20,1793329,19642,31643,25235,6778,6760,34177,613272,55090,8262,27917,105751,28790,23126,57880,34334,22590,86269,7264,97722,35908,58935,55083,15825,51675,24582,58382,53559,45744,12060,37328,28220,23526
2021-03-21,1794190,19651,31653,25257,6782,6768,34212,613512,55096,8267,27929,105788,28810,23140,57898,34336,22596,86291,7266,97739,35926,59005,55152,15843,51701,24600,58420,53580,45753,12073,37352,28241,23553
2021-03-22,1799030,19693,31717,25359,6794,6779,34372,615439,55147,8276,27980,106062,28886,23202,58028,34390,22731,86619,7278,97819,35970,59179,55357,15898,51797,24683,58525,53764,45820,12106,37434,28317,23609
2021-03-23,1803100,19732,31762,25467,6810,6787,34500,617197,55212,8284,28021,106253,28953,23245,58107,34431,22786,86872,7285,97888,36008,59335,55544,15945,51863,24741,58611,53892,45872,12135,37513,28382,23667
2021-03-24,1806652,19759,31802,25537,6834,6794,34631,618670,55246,8296,28059,106419,29032,23292,58195,34491,22863,87099,7297,97940,36043,59451,55663,15979,51933,24800,58701,54014,45929,12161,37576,28441,23705
2021-03-25,1810186,19795,31847,25630,6847,6801,34782,620094,55279,8305,28092,106637,29094,23340,58271,34532,22924,87326,7303,98004,36083,59570,55824,16010,51988,24854,58773,54113,45977,12202,37624,28518,23747
2021-03-26,1813364,19825,31875,25704,6856,6813,34916,621368,55335,8309,28121,106815,29138,23373,58327,34563,22988,87500,7309,98089,36118,59693,55952,16048,52053,24911,58851,54242,46026,12232,37654,28573,23787
2021-03-27,1814870,19888,31886,25751,6864,6816,34944,622167,55342,8314,28128,106859,29152,23385,58349,34579,23002,87527,7310,98107,36136,59760,56004,16069,52090,24931,58882,54286,46036,12241,37669,28585,23811
2021-03-28,1815547,19896,31888,25764,6865,6816,34964,622374,55353,8321,28136,106905,29170,23405,58371,34586,23009,87550,7312,98122,36144,59800,56044,16087,52111,24942,58902,54307,46052,12246,37679,28598,23828
2021-03-29,1819343,19952,31929,25828,6882,6827,35103,623928,55391,8335,28174,107094,29234,23464,58471,34629,23080,87772,7322,98220,36177,59915,56191,16118,52191,25022,58980,54467,46102,12269,37709,28675,23892
2021-03-30,1822148,19979,31955,25890,6892,6838,35206,625158,55416,8342,28198,107166,29290,23504,58542,34684,23153,87927,7335,98278,36205,60021,56283,16162,52244,25071,59031,54595,46132,12283,37728,28722,23918
2021-03-31,1823962,19988,31979,25919,6892,6844,35236,626105,55437,8342,28204,107212,29335,23523,58575,34726,23168,88015,7338,98324,36225,60084,56360,16185,52277,25103,59061,54613,46150,12288,37757,28768,23929
